"Attrition","JobRole","BusinessTravel","OverTime","WorkLifeBalance","MaritalStatus","EnvironmentSatisfaction","StockOptionLevel","Education","YearsSinceLastPromotion","YearsAtCompany","YearsWithCurrManager","JobSatisfaction","MonthlyIncome"
"0","1","1","0","2","1","4","2","4",0,0,0,"3",2259
"0","0","1","0","3","1","3","1","1",2,2,1,"4",2523
"0","0","2","1","3","1","4","1","3",2,2,2,"4",3867
"0","6","2","0","3","1","4","2","3",2,2,1,"4",2400
"0","0","2","0","3","1","3","2","4",0,1,0,"4",3688
"0","0","1","0","3","1","4","1","3",10,15,11,"4",3210
"0","0","1","0","3","1","2","3","3",2,14,13,"2",2028
"0","5","1","0","3","1","1","0","3",6,16,14,"3",19392
"0","1","1","0","3","2","4","0","4",2,2,2,"3",2506
"0","2","1","0","3","1","2","2","2",4,10,8,"3",6799
"0","0","1","0","3","1","4","1","5",1,3,1,"3",18300
"0","0","2","1","3","1","1","1","4",0,3,2,"1",5562
"0","0","1","0","3","1","3","1","3",0,10,8,"3",10739
"0","0","1","0","2","0","4","1","4",1,6,4,"4",7379
"0","3","1","0","4","0","1","2","4",5,7,7,"4",5460
"0","0","1","0","3","0","3","1","4",1,7,7,"3",2741
"0","6","1","0","3","1","3","1","1",0,1,0,"2",2476
"0","2","2","0","3","2","4","0","1",0,6,0,"4",5071
"0","5","1","0","3","0","4","1","4",4,5,2,"1",19943
"0","0","2","0","2","2","2","0","2",7,7,7,"3",2838
"0","0","2","0","3","1","3","1","2",8,10,9,"3",8943
"0","1","1","0","3","1","3","1","4",1,4,1,"4",2977
"0","1","1","1","2","2","4","0","1",2,4,3,"4",2342
"0","4","2","0","2","2","1","0","4",12,13,8,"1",7484
"0","0","1","0","2","1","1","2","4",0,1,0,"4",2406
"0","0","1","0","3","2","3","0","2",7,7,7,"4",11159
"0","6","1","0","3","0","4","2","3",2,2,2,"2",2297
"0","2","0","1","2","1","3","1","2",4,13,12,"4",10377
"0","0","1","1","2","2","3","0","4",4,11,10,"4",7143
"0","0","1","0","3","1","4","2","3",0,2,2,"3",3833
"0","3","2","0","3","2","4","0","4",0,5,3,"1",5332
"0","2","2","0","3","1","3","2","3",1,5,3,"1",5376
"0","3","1","0","3","2","1","0","4",2,2,2,"1",5405
"0","3","1","0","3","2","2","0","4",0,7,7,"4",5253
"0","0","1","0","3","1","4","1","4",5,11,9,"1",5957
"0","4","0","0","2","1","3","1","1",14,23,4,"3",10748
"0","1","1","0","3","1","4","1","3",2,2,2,"3",2543
"0","1","1","1","4","1","2","1","4",0,1,0,"1",3419
"0","0","1","0","4","0","3","1","1",0,13,8,"2",10648
"0","0","1","0","2","0","4","3","3",1,9,7,"2",7655
"0","0","1","1","2","0","4","1","1",0,2,2,"3",3977
"0","0","1","1","3","0","3","1","3",14,22,10,"2",10333
"0","2","2","0","3","1","2","1","2",5,10,3,"2",6524
"0","0","1","0","3","2","4","0","4",0,1,0,"4",9679
"0","1","1","0","3","1","1","0","1",2,2,2,"3",2773
"0","1","1","0","3","1","4","1","3",2,2,2,"3",2073
"0","1","1","1","2","1","2","1","2",1,1,0,"3",2933
"0","1","2","0","3","0","4","3","3",0,4,3,"3",2610
"0","0","1","0","4","2","2","0","3",1,6,2,"4",7491
"0","1","1","1","1","2","1","0","3",1,20,8,"3",4081
"0","4","1","0","2","1","1","2","4",0,3,2,"3",5347
"0","1","2","1","3","1","3","0","4",6,15,11,"4",5747
"0","0","1","0","3","0","4","1","3",0,6,2,"2",4876
"0","1","0","1","3","0","2","3","3",1,13,9,"4",5329
"0","1","0","0","2","0","3","2","3",0,1,0,"3",1274
"0","0","1","1","2","2","3","0","3",3,4,3,"4",7945
"0","4","2","0","3","2","3","0","4",11,19,8,"3",10938
"0","2","1","0","3","0","1","1","3",0,9,8,"1",4037
"0","3","1","0","3","0","1","1","3",2,19,8,"1",13225
"0","0","1","0","3","2","4","0","3",2,2,2,"4",2450
"0","6","1","0","1","1","3","1","2",0,3,2,"4",3737
"0","1","2","1","3","2","1","0","1",1,6,3,"4",3760
"0","3","2","0","2","2","2","0","3",0,7,1,"4",4682
"0","3","1","1","2","1","4","1","3",1,3,0,"3",9602
"0","1","1","1","2","1","1","1","3",0,3,2,"3",4477
"0","6","0","0","3","0","3","3","1",0,1,0,"1",2827
"0","1","1","0","2","2","1","0","1",0,4,1,"1",3424
"0","0","1","1","3","0","4","2","4",1,5,4,"1",5485
"0","1","1","1","3","1","3","0","1",1,6,3,"3",2996
"0","0","0","0","1","2","3","0","2",1,6,3,"3",3500
"0","5","1","1","3","1","3","1","3",0,1,0,"3",19331
"0","0","2","0","3","2","3","0","4",1,8,7,"4",2455
"0","4","1","1","3","2","4","0","5",0,0,0,"3",6388
"0","1","0","0","3","2","4","0","2",3,20,7,"3",4332
"0","0","1","0","3","2","4","0","4",3,12,8,"4",14275
"0","0","1","1","3","1","2","1","3",0,6,3,"2",6142
"0","5","1","0","3","1","1","1","1",4,12,9,"3",17465
"0","5","0","1","2","1","3","0","1",2,20,10,"3",17861
"0","3","1","0","3","1","2","0","1",11,20,6,"3",4907
"0","5","2","0","3","1","3","1","5",2,2,2,"4",15202
"0","4","2","1","3","1","1","1","2",3,5,3,"1",4741
"0","0","1","0","3","1","3","1","2",1,3,2,"1",4789
"0","1","1","1","2","1","1","1","4",0,6,5,"4",6322
"0","6","1","0","4","1","3","1","4",7,9,1,"2",10725
"0","0","2","0","4","1","4","0","1",3,11,10,"4",3812
"0","5","1","0","2","0","2","3","4",12,21,6,"4",19141
"0","0","1","0","4","1","3","1","4",6,8,3,"1",6725
"0","2","2","0","3","1","2","0","3",3,4,2,"2",10596
"0","4","1","0","3","2","3","0","4",4,15,8,"3",10999
"0","4","2","0","3","2","2","0","4",0,4,3,"3",5399
"0","0","1","0","3","1","1","0","4",0,5,2,"2",3838
"0","0","1","0","4","1","1","2","4",5,20,6,"3",17169
"0","4","1","0","3","1","1","1","4",5,22,17,"4",10248
"0","0","2","0","2","2","2","0","4",2,18,13,"3",13499
"0","6","1","0","2","1","2","0","2",2,2,2,"3",2267
"0","2","2","0","3","1","1","1","4",7,7,7,"4",5675
"0","4","1","0","2","1","2","1","3",1,8,1,"3",4335
"0","2","1","1","4","2","2","0","1",0,6,5,"4",6582
"0","0","1","0","2","2","4","0","3",0,6,2,"4",7260
"0","5","2","0","3","1","3","1","2",13,21,3,"4",19272
"0","3","0","1","4","1","4","1","2",2,2,2,"3",4736
"0","2","1","0","3","2","4","0","2",0,1,0,"2",7351
"0","0","2","0","3","1","4","3","1",0,3,2,"2",3180
"0","4","1","0","3","1","4","0","4",1,3,2,"3",6755
"0","1","0","0","2","0","4","2","3",1,9,7,"2",3055
"0","2","1","0","2","0","2","1","4",0,15,9,"4",9725
"0","0","0","0","3","2","1","0","4",0,11,9,"4",7779
"0","1","1","0","2","1","3","1","4",0,2,2,"4",2911
"0","3","1","1","3","1","4","1","3",11,12,11,"4",13320
"0","3","0","0","3","2","4","0","3",12,19,8,"4",8865
"0","6","1","0","3","1","3","1","1",5,8,7,"3",2942
"0","5","1","0","2","1","1","0","3",4,22,14,"3",18880
"0","4","0","0","2","0","3","1","4",1,13,9,"3",6306
"0","3","1","0","2","1","3","1","2",0,7,7,"4",4936
"0","1","1","0","2","1","1","2","2",0,2,2,"4",2654
"0","0","1","0","2","2","3","0","3",7,7,6,"1",2867
"0","5","1","0","3","1","2","1","5",11,18,8,"1",16595
"0","0","1","0","2","1","3","0","4",5,15,11,"1",6567
"0","0","1","0","3","1","3","1","3",0,1,0,"2",4841
"0","2","0","0","3","2","4","0","5",0,1,0,"4",6653
"0","4","0","0","4","0","3","1","2",0,1,0,"4",5163
"0","0","1","0","2","1","3","1","4",1,9,4,"1",3211
"0","6","1","0","3","1","2","2","4",4,5,2,"3",2430
"0","3","1","0","1","1","4","1","3",0,4,2,"3",9610
"0","1","1","0","3","1","3","1","3",0,5,4,"3",4401
"0","5","1","0","3","1","1","0","4",3,25,7,"4",15427
"0","1","1","0","2","1","4","1","3",0,5,4,"4",2070
"0","5","1","0","3","1","3","0","4",1,20,12,"3",18041
"0","1","1","0","1","0","1","2","3",0,3,2,"4",2886
"0","2","2","0","3","1","2","3","4",0,0,0,"2",4327
"0","3","2","0","3","2","3","0","3",0,7,7,"1",4294
"0","3","1","0","3","2","2","0","3",4,5,4,"3",6577
"0","2","1","0","3","0","3","2","3",0,10,4,"3",8620
"0","5","1","0","3","0","1","1","4",11,19,16,"1",16823
"0","1","1","0","3","2","2","0","3",0,1,0,"3",2274
"0","6","1","0","3","1","1","0","3",0,5,3,"1",2342
"0","0","1","1","4","1","4","1","2",0,5,2,"3",7756
"0","0","0","1","3","1","4","1","2",0,9,8,"1",3633
"0","2","1","0","3","0","3","0","4",1,5,2,"3",7104
"0","2","1","1","3","1","4","0","3",4,6,4,"4",5769
"0","2","2","0","3","1","3","1","3",6,15,12,"2",7525
"0","0","1","0","3","0","2","2","3",1,1,0,"2",2008
"0","3","2","0","4","2","3","0","3",0,10,8,"3",8789
"0","0","1","0","3","1","2","0","4",0,10,7,"3",11935
"0","1","2","1","2","0","4","2","3",3,6,3,"4",5467
"0","6","1","1","1","1","3","0","3",4,11,7,"4",6347
"0","1","1","0","2","1","3","0","3",4,5,3,"2",2368
"0","0","1","0","3","2","2","0","4",2,2,0,"3",2105
"0","5","1","1","3","2","4","0","3",4,36,13,"1",19045
"0","2","2","0","3","1","3","1","1",1,4,1,"4",4342
"0","1","1","0","2","1","2","1","5",8,10,8,"4",2691
"0","4","1","0","2","1","3","1","1",1,19,9,"3",8823
"0","1","1","1","3","1","4","1","4",0,6,2,"4",2356
"0","6","1","0","4","0","3","1","3",1,5,3,"3",2064
"0","2","1","1","4","1","1","2","4",1,5,4,"4",6120
"0","4","1","0","2","0","3","3","3",3,18,7,"4",9613
"0","0","1","0","2","0","3","1","3",0,10,8,"3",4810
"0","6","1","0","2","2","1","0","3",0,1,0,"1",2858
"0","1","0","1","4","0","3","1","2",2,4,3,"1",3065
"0","4","0","1","3","0","4","1","4",1,5,2,"3",5660
"0","0","1","0","3","2","1","0","3",0,3,2,"3",3629
"0","0","1","0","2","1","4","1","3",3,14,11,"4",6474
"0","0","1","1","2","0","2","1","3",1,22,10,"4",19049
"0","0","1","0","2","1","3","1","2",0,4,2,"1",3377
"0","5","1","0","4","1","3","0","4",1,34,16,"1",16856
"0","0","1","0","3","2","1","0","5",0,1,0,"4",15992
"0","0","1","1","3","1","2","1","4",5,15,7,"3",5207
"0","1","1","0","3","0","1","3","3",1,3,2,"4",3760
"0","0","1","1","3","0","4","1","4",0,31,9,"3",19502
"0","2","1","0","3","1","2","1","3",7,10,4,"4",9419
"0","1","1","0","3","1","3","1","3",1,3,2,"1",3591
"0","2","1","0","4","2","2","0","4",1,6,5,"1",5155
"0","3","0","0","3","2","3","0","2",11,19,9,"2",6151
"0","0","1","0","4","0","4","2","3",1,3,2,"4",4262
"0","3","1","0","3","1","3","1","3",7,8,7,"3",5296
"0","6","1","1","3","2","3","0","1",1,2,2,"1",2380
"0","1","1","0","3","2","3","0","4",1,1,0,"2",2501
"0","0","2","0","3","2","4","0","5",9,10,9,"4",2406
"0","0","1","1","2","2","3","0","4",0,1,1,"2",4197
"0","2","1","1","4","0","4","1","4",0,5,3,"3",4260
"0","2","1","0","3","2","3","0","4",2,15,8,"1",4312
"0","4","2","1","4","1","3","2","4",0,10,2,"3",5689
"0","4","1","1","2","1","3","1","1",4,16,11,"4",6586
"0","0","1","0","3","2","3","0","3",0,1,0,"4",2496
"0","3","2","0","3","1","4","1","3",2,2,2,"4",6804
"0","0","1","0","3","1","1","0","3",0,1,0,"4",2380
"0","3","2","0","2","1","1","1","5",0,1,0,"3",4768
"0","4","1","1","3","1","2","1","3",1,1,0,"4",5811
"0","1","1","0","3","1","2","0","5",1,16,10,"1",5208
"0","3","2","0","3","0","3","1","3",1,9,7,"1",4103
"0","4","1","0","2","1","3","1","3",0,1,0,"1",9985
"0","2","1","0","4","2","4","0","4",0,5,4,"4",4507
"0","2","1","1","2","0","3","3","2",2,11,7,"2",5209
"0","0","1","0","3","0","4","2","4",0,5,2,"4",2270
"0","0","1","0","3","1","2","1","2",1,4,0,"1",17159
"0","0","1","0","3","2","4","0","2",1,10,8,"3",2206
"0","2","1","0","2","1","3","2","4",0,3,2,"1",5647
"0","0","1","0","4","1","3","1","3",5,13,7,"1",13348
"0","5","0","0","2","2","1","0","4",2,5,1,"4",16885
"0","5","0","0","2","0","2","1","3",14,16,14,"2",16291
"0","0","1","0","2","1","2","2","2",3,9,8,"4",5906
"0","4","0","0","1","1","4","1","5",0,3,2,"4",4876
"0","3","1","0","3","2","4","0","3",1,6,4,"4",6274
"0","0","1","0","3","2","3","0","1",2,4,2,"3",13464
"0","1","1","1","3","1","4","3","4",1,5,2,"4",2932
"0","4","1","0","2","2","4","0","3",0,4,1,"2",4107
"0","0","2","0","3","1","3","1","1",2,2,0,"1",4298
"0","2","1","0","3","2","3","0","3",1,5,3,"4",7428
"0","6","1","0","3","1","2","1","3",1,2,2,"2",2899
"0","6","0","0","4","1","4","1","5",0,4,3,"1",6272
"0","2","1","0","3","2","1","0","3",0,5,3,"3",4859
"0","6","1","0","3","2","4","0","3",0,4,0,"3",2966
"0","1","1","0","3","2","1","0","4",1,4,1,"4",2045
"0","0","2","0","2","2","4","0","2",7,8,2,"2",2088
"0","0","1","1","3","1","4","0","3",0,5,4,"3",7969
"0","0","1","1","2","1","2","3","2",1,8,7,"1",11416
"0","0","1","0","3","0","4","2","2",1,4,3,"1",4450
"0","0","1","0","3","1","4","0","3",0,10,9,"4",17779
"0","6","1","0","3","1","4","0","1",0,1,0,"2",1052
"0","4","1","0","3","1","2","0","4",1,4,2,"4",7005
"0","5","1","0","1","1","4","1","4",0,3,2,"1",15402
"0","4","1","1","3","0","3","1","3",0,6,4,"2",10552
"0","0","1","0","2","1","4","3","1",1,3,2,"4",3669
"0","1","1","0","2","0","4","2","3",1,9,6,"2",5470
"0","3","2","1","3","2","1","0","4",0,9,8,"4",5772
"0","0","2","1","3","2","3","0","4",1,3,2,"1",18665
"0","2","0","1","3","2","1","0","2",0,10,9,"2",7642
"0","6","2","0","2","2","2","0","1",0,10,8,"4",3886
"0","2","1","1","3","1","3","1","3",1,3,2,"4",9071
"0","0","1","0","2","0","2","1","3",1,3,2,"4",3917
"0","2","1","1","3","0","2","1","4",1,11,9,"4",5220
"0","3","1","0","4","1","3","2","3",0,10,8,"4",6209
"0","1","1","1","3","2","3","0","4",0,3,2,"1",2799
"0","6","1","0","1","2","3","0","4",1,5,4,"3",4323
"0","0","2","1","3","2","1","0","2",8,15,12,"4",13458
"0","2","1","0","3","2","4","0","3",3,13,12,"1",4759
"0","1","1","0","2","2","4","0","3",1,3,2,"1",2080
"0","1","1","0","2","1","3","2","3",0,1,0,"3",2451
"0","1","1","0","2","1","1","2","2",2,4,3,"3",2897
"0","6","1","0","4","2","1","0","4",0,2,2,"3",5985
"0","4","1","0","3","0","4","1","2",0,5,4,"1",6842
"0","3","1","1","3","2","3","0","3",0,3,2,"1",4538
"0","1","1","0","3","2","1","0","4",2,16,10,"3",4809
"0","2","1","0","2","1","4","1","5",0,4,3,"4",9204
"0","1","1","1","3","1","2","0","2",7,8,1,"1",2559
"0","1","1","0","3","1","3","2","1",2,2,2,"4",2323
"0","1","1","0","3","1","1","1","3",1,2,2,"2",2244
"0","3","1","1","4","0","3","1","1",13,22,5,"3",10447
"0","0","2","0","4","0","1","1","3",0,18,11,"3",19419
"0","0","1","0","4","0","1","1","4",0,7,7,"3",5993
"0","2","1","0","3","1","2","0","3",6,11,9,"3",4717
"0","1","1","0","4","2","4","0","3",0,1,0,"2",2836
"0","1","1","1","3","1","3","1","1",0,4,2,"4",3929
"0","0","1","0","3","1","1","2","3",14,18,12,"3",10435
"0","3","1","1","3","2","4","0","2",0,2,2,"3",7082
"0","6","1","0","4","1","2","0","4",5,7,2,"3",2329
"0","2","1","1","2","0","1","1","2",0,5,4,"3",4907
"0","0","1","1","3","0","3","1","1",0,9,8,"4",12808
"0","5","2","0","2","0","4","1","3",7,7,7,"1",17181
"0","0","1","0","3","2","2","0","1",0,1,0,"2",1483
"0","1","2","0","2","0","1","3","3",0,10,9,"3",2613
"0","3","1","0","4","2","1","0","4",0,8,7,"4",8686
"0","0","1","1","3","1","4","1","2",0,4,2,"4",6062
"0","4","1","0","3","2","3","0","4",0,10,9,"2",5562
"0","0","1","1","2","1","2","1","4",7,8,7,"3",19237
"0","4","1","0","2","2","2","0","4",1,9,8,"4",7625
"0","1","1","0","2","1","3","1","4",7,8,6,"1",2367
"0","4","1","1","1","0","3","1","2",1,5,4,"4",9439
"0","0","1","0","3","0","1","1","2",0,1,0,"4",2835
"0","0","1","0","3","2","3","0","4",4,6,1,"2",2837
"0","2","1","0","3","2","3","0","3",1,5,2,"4",4684
"0","0","1","0","2","0","2","1","3",0,5,0,"1",4877
"0","1","1","0","3","0","4","1","3",0,1,0,"1",2109
"0","0","2","0","3","0","4","2","1",0,7,7,"3",5206
"0","4","1","0","3","1","3","3","3",10,11,8,"4",4152
"0","2","1","0","3","2","4","0","4",1,7,7,"1",4960
"0","0","1","0","4","1","3","0","3",3,13,7,"3",11691
"0","2","0","1","3","2","3","0","3",1,5,3,"4",5666
"0","1","2","1","1","1","3","1","2",0,1,0,"4",4422
"0","2","1","0","4","1","1","0","2",7,8,1,"1",5473
"0","5","1","1","3","1","3","0","1",11,21,10,"1",17068
"0","0","1","1","3","1","4","0","2",0,3,2,"2",4788
"0","2","1","0","3","2","4","0","3",0,7,7,"4",4105
"0","2","0","0","3","2","1","0","4",0,10,9,"1",7587
"0","0","1","0","3","2","1","0","3",0,7,2,"3",9667
"0","1","0","0","2","2","1","0","3",1,3,2,"3",2438
"0","1","2","1","3","2","2","0","1",2,2,2,"4",2515
"0","0","1","1","2","1","3","3","4",1,5,3,"3",17584
"0","2","1","0","3","1","3","2","4",5,14,7,"4",10422
"0","0","2","1","2","2","4","0","2",0,5,2,"4",2379
"0","0","1","0","3","0","4","1","2",0,8,7,"3",10845
"0","0","1","0","3","1","1","1","1",2,2,2,"2",3468
"0","0","2","1","3","0","4","1","5",4,8,7,"3",5679
"0","1","1","1","3","2","4","0","3",1,3,2,"4",3944
"0","1","2","0","2","1","1","1","3",1,5,3,"3",3433
"0","6","1","1","2","2","3","0","4",1,3,2,"4",2644
"0","1","2","1","3","0","3","1","3",0,3,2,"3",2703
"0","1","2","0","2","1","2","1","3",1,3,2,"1",2194
"0","5","1","0","1","2","4","0","4",0,26,12,"1",17567
"0","3","2","0","3","2","3","0","3",2,2,1,"4",9208
"0","0","1","0","3","0","4","1","4",0,1,0,"1",2341
"0","4","1","1","3","1","2","1","2",8,9,1,"4",4878
"0","0","2","1","3","2","4","0","3",2,21,8,"1",10880
"0","5","1","1","2","1","3","1","3",7,7,7,"2",16872
"0","1","1","0","4","2","3","0","3",0,3,2,"4",2500
"0","1","1","0","3","1","3","1","2",0,10,7,"3",2700
"0","6","1","0","4","2","4","0","2",5,7,7,"1",3423
"0","0","2","0","3","1","3","1","1",0,4,3,"1",4148
"0","2","1","1","3","1","3","0","2",11,13,9,"2",5228
"0","2","1","0","3","0","3","1","3",0,5,4,"2",8938
"0","1","1","0","3","0","3","1","4",0,1,0,"2",4505
"0","3","1","0","4","1","4","1","3",3,8,7,"2",4805
"0","0","2","0","3","1","4","1","3",1,3,2,"4",2258
"0","2","1","1","3","0","3","1","2",1,5,4,"4",6583
"0","1","2","1","3","2","4","0","2",0,8,7,"3",4998
"0","3","1","0","2","1","3","1","4",2,12,11,"4",10855
"0","2","1","0","3","1","1","1","3",0,5,2,"3",8346
"0","6","1","1","3","0","3","2","3",0,8,6,"3",2579
"0","1","1","0","3","1","4","2","1",2,2,1,"4",2889
"0","3","1","0","3","2","4","0","4",0,7,5,"4",4028
"0","5","1","0","3","1","4","1","3",2,22,10,"3",19189
"0","1","0","0","2","2","3","0","3",1,5,4,"3",2144
"0","0","1","0","2","1","1","1","2",1,4,2,"1",19406
"0","0","1","0","3","1","4","0","3",4,13,8,"2",10903
"0","0","2","0","3","2","3","0","2",3,12,7,"4",4011
"0","0","1","0","2","2","4","0","2",0,1,0,"2",2559
"0","0","2","0","3","2","1","0","2",5,12,8,"4",3673
"0","1","1","0","3","1","3","0","4",1,3,1,"2",2622
"0","3","1","0","3","1","1","2","3",0,0,0,"2",6644
"0","1","1","1","2","1","2","1","3",0,1,0,"2",3346
"0","4","1","0","2","1","2","2","3",0,0,0,"1",5538
"0","0","1","0","2","2","4","0","5",7,14,8,"4",8858
"0","0","1","0","3","2","1","0","2",1,8,7,"3",4534
"0","4","1","1","2","0","3","1","4",10,16,1,"3",10388
"0","0","1","0","3","0","4","1","3",1,4,2,"2",5482
"0","3","1","0","3","1","2","1","4",0,8,7,"2",6214
"0","2","1","1","1","2","3","0","4",1,10,0,"4",5441
"0","5","1","0","1","1","1","0","3",11,29,10,"1",19566
"0","3","1","0","2","2","4","0","4",1,37,8,"3",13872
"0","2","1","0","3","1","3","1","3",1,10,4,"3",6578
"0","0","0","0","3","1","4","0","4",1,3,2,"3",4374
"0","0","1","0","2","1","3","1","3",0,6,2,"1",9957
"0","2","1","0","2","1","1","0","1",1,3,2,"3",6232
"0","1","1","0","2","1","1","1","3",1,6,2,"4",3420
"0","6","1","0","2","2","3","0","4",6,13,7,"4",4502
"0","5","1","0","4","1","1","1","2",0,1,0,"3",18711
"0","0","1","0","4","1","2","0","1",1,5,4,"1",2099
"0","0","1","0","3","1","2","3","5",7,7,7,"1",5377
"0","1","0","0","3","2","2","0","2",0,0,0,"4",1051
"0","0","1","0","3","0","4","2","4",2,2,2,"4",19627
"0","0","1","0","3","2","1","0","2",0,3,2,"4",3681
"0","2","1","0","4","2","4","0","1",8,14,10,"1",8381
"0","3","0","0","3","1","4","1","3",0,18,13,"3",6347
"0","0","2","0","3","0","1","1","3",9,24,11,"1",5210
"0","0","1","1","3","1","3","1","4",2,2,2,"1",4014
"0","3","1","0","3","0","4","1","4",0,10,8,"4",7823
"0","0","1","1","3","0","3","1","2",2,11,9,"4",11510
"0","0","1","0","3","0","2","1","3",0,10,2,"3",4197
"0","4","2","0","2","1","3","1","4",11,22,11,"2",13503
"0","2","0","0","4","1","3","1","2",0,7,7,"2",6146
"0","3","2","0","3","2","4","0","3",1,9,7,"3",8726
"0","1","1","1","1","0","3","1","4",2,2,2,"4",2695
"0","3","1","0","3","1","4","1","4",2,9,3,"2",13120
"0","4","1","1","3","0","2","1","3",0,7,7,"1",10851
"0","0","1","0","3","0","4","2","1",3,4,2,"3",4377
"0","0","1","1","2","1","4","2","1",3,10,0,"4",5126
"0","1","1","0","3","0","4","1","3",2,3,2,"1",3204
"0","2","1","1","3","2","2","0","4",0,1,0,"4",6861
"0","5","1","0","3","1","2","1","5",4,10,7,"3",17426
"0","0","0","0","4","0","3","2","4",0,8,7,"3",3975
"0","6","1","0","3","1","2","1","4",2,2,2,"2",2269
"0","0","2","0","3","1","1","1","4",0,3,2,"3",6434
"0","5","1","0","2","0","4","1","4",0,7,6,"4",19517
"0","3","2","0","4","1","3","1","3",4,20,8,"2",13525
"0","4","2","1","3","1","2","1","5",12,30,13,"3",11245
"0","1","1","0","3","2","3","0","2",0,1,0,"1",2552
"0","0","1","0","3","2","4","0","3",0,0,0,"3",3968
"0","1","1","0","3","2","4","0","2",0,1,0,"4",4680
"0","6","0","0","2","2","2","0","1",2,2,2,"4",2342
"0","1","1","0","4","1","2","1","4",0,5,4,"4",2662
"0","4","2","0","3","0","4","3","2",2,9,8,"3",5968
"0","0","0","0","3","0","3","1","2",0,5,2,"3",5265
"0","1","0","1","3","1","2","2","5",10,13,7,"3",4449
"0","1","1","0","3","2","4","0","2",1,3,2,"2",2311
"0","4","1","0","2","1","3","0","3",1,10,1,"4",11103
"0","0","1","1","3","1","1","1","3",7,9,8,"4",6162
"0","6","2","0","3","2","2","0","1",0,0,0,"3",2976
"0","0","2","0","3","0","1","1","2",2,2,0,"4",4364
"0","4","2","0","1","0","3","1","3",4,13,7,"4",7725
"0","4","1","0","3","0","3","3","3",12,17,8,"3",10096
"0","1","2","0","3","0","1","2","1",1,5,3,"3",2007
"0","6","2","0","3","1","3","1","2",0,5,0,"4",2973
"0","1","1","0","3","0","4","1","4",5,7,7,"3",2768
"0","1","0","1","2","1","2","0","2",1,4,3,"3",2814
"0","0","1","1","3","1","4","1","4",1,7,7,"3",2213
"0","3","2","0","3","1","1","2","4",2,3,2,"1",9637
"0","5","1","1","3","0","4","3","3",0,5,2,"3",14756
"0","2","1","1","3","1","2","0","4",7,8,5,"2",4779
"0","5","1","0","3","1","3","1","3",1,24,7,"4",19202
"0","0","1","0","3","1","3","1","3",6,14,8,"3",6162
"0","6","1","0","3","2","4","0","2",0,3,2,"2",2109
"0","2","1","0","3","0","1","1","2",9,13,9,"4",10793
"0","0","1","0","4","1","2","0","3",1,4,2,"3",4404
"0","2","1","0","1","1","1","1","4",2,2,2,"1",6392
"0","5","1","1","3","2","3","0","3",1,5,2,"4",16659
"0","2","1","0","3","1","4","1","2",1,5,2,"1",4639
"0","0","1","0","3","1","4","0","3",12,22,9,"2",19665
"0","4","1","0","2","0","4","1","3",1,9,6,"4",8500
"0","6","1","1","1","1","2","1","2",4,7,5,"3",2306
"0","1","1","1","2","0","1","2","2",0,6,5,"2",3298
"0","4","1","0","3","2","4","0","3",1,7,0,"2",13734
"0","0","2","0","2","2","4","0","1",1,5,4,"4",5238
"0","0","2","0","2","1","3","1","2",0,6,5,"2",2468
"0","3","1","1","3","1","4","2","1",0,5,3,"3",4162
"0","4","1","0","3","0","2","3","1",11,12,8,"3",6377
"0","6","0","0","3","1","3","1","3",1,3,2,"2",6430
"0","1","1","1","3","1","4","1","4",0,1,0,"2",6962
"0","1","1","0","2","1","2","1","3",1,6,1,"2",2141
"0","0","0","1","3","0","1","2","4",0,5,2,"4",13603
"0","1","2","0","2","0","2","1","4",0,5,3,"4",3761
"0","6","1","0","4","1","3","2","3",0,5,3,"3",9756
"0","4","1","0","1","2","2","0","3",1,3,2,"2",6870
"0","4","2","0","2","2","1","0","1",0,6,4,"4",7756
"0","0","1","0","3","2","2","0","3",5,20,13,"3",13237
"0","0","1","0","2","0","1","1","3",2,2,2,"3",3978
"0","1","1","0","3","1","3","1","3",0,1,0,"4",2177
"0","5","1","0","3","2","4","0","2",0,1,1,"4",19613
"0","0","1","0","2","0","4","2","2",0,6,4,"4",6347
"0","1","1","0","2","0","1","2","4",0,5,3,"3",2187
"0","2","1","0","2","2","3","0","1",1,6,4,"4",6180
"0","4","1","0","3","1","3","1","3",0,1,0,"3",9824
"0","2","1","0","3","0","4","2","4",0,6,4,"4",5505
"0","4","1","0","3","2","2","0","2",0,8,7,"1",5661
"0","0","1","0","4","2","4","0","2",1,5,4,"4",2647
"0","5","1","1","4","1","4","1","4",0,2,1,"4",19513
"0","0","2","1","3","2","1","0","4",4,15,12,"1",5980
"0","0","1","0","2","1","4","1","3",0,5,2,"2",3294
"0","0","0","0","3","2","3","0","3",0,5,3,"3",3162
"0","0","1","0","4","0","3","1","3",6,7,4,"2",10274
"0","5","1","1","3","0","3","2","4",15,19,2,"2",17123
"0","3","1","1","3","0","4","2","5",0,9,8,"3",8380
"0","1","1","0","3","1","1","1","1",7,10,7,"4",2011
"0","0","2","0","3","2","2","0","1",1,8,7,"4",2153
"0","6","0","0","2","2","1","0","2",2,3,2,"4",2610
"0","1","1","0","3","2","3","0","1",2,2,2,"4",3117
"0","0","0","0","4","2","4","0","3",0,0,0,"4",1611
"0","1","1","0","3","2","4","0","3",5,17,7,"4",2115
"0","0","1","1","3","0","3","1","4",2,2,2,"4",19328
"0","1","1","1","2","1","2","1","1",1,5,3,"4",2168
"0","4","1","0","4","2","4","0","3",7,8,7,"2",8621
"0","1","1","0","2","0","3","2","2",0,1,0,"1",3072
"0","1","1","1","4","2","4","0","1",2,2,2,"2",2070
"0","0","1","0","3","2","4","0","3",0,5,2,"2",4320
"0","0","1","0","3","1","3","1","3",0,9,5,"2",5228
"0","6","1","1","3","0","3","3","3",2,2,2,"4",3195
"0","0","1","1","3","0","4","1","3",7,9,8,"1",2593
"0","1","1","0","3","1","4","2","2",1,10,9,"4",5775
"0","5","1","0","4","0","3","1","2",15,17,2,"3",14852
"0","0","1","0","3","2","2","0","3",0,0,0,"4",2871
"0","2","1","0","3","2","3","0","4",1,4,1,"4",4950
"0","1","1","0","2","0","4","2","2",1,5,4,"3",2645
"0","1","1","1","3","0","3","2","3",6,7,7,"1",5974
"0","0","0","0","3","1","3","1","4",1,5,4,"3",4345
"0","6","1","0","3","1","2","1","1",5,9,8,"3",3540
"0","0","1","0","3","0","4","2","3",0,7,7,"1",4066
"0","4","1","1","3","0","3","0","4",0,5,2,"3",4522
"0","0","0","0","3","1","2","1","4",0,9,8,"2",5674
"0","3","1","0","3","1","3","1","3",1,5,4,"2",4393
"0","2","1","1","2","0","3","1","3",0,10,3,"4",10368
"0","4","1","1","3","1","3","1","1",2,15,12,"3",13966
"0","0","1","0","3","1","3","1","3",0,8,7,"2",2370
"0","0","1","1","3","2","3","0","3",4,5,3,"4",13726
"0","2","2","0","3","0","3","1","3",2,2,2,"4",4127
"0","3","1","0","2","1","1","1","2",0,3,2,"3",4999
"0","0","1","0","3","2","3","0","3",0,7,7,"1",3578
"0","1","1","0","1","0","1","1","3",0,1,0,"3",1563
"0","4","0","0","3","0","2","2","2",1,6,5,"1",4000
"0","5","2","0","3","1","1","1","3",10,32,7,"2",18200
"0","4","1","0","3","1","4","1","1",1,7,7,"1",9991
"0","4","1","1","3","2","1","0","4",0,5,4,"3",6142
"0","6","1","0","3","2","3","0","3",0,1,0,"3",2642
"0","3","0","0","3","1","3","0","4",2,3,2,"4",4465
"0","1","2","0","3","0","1","1","2",0,5,2,"3",4556
"0","0","1","0","2","0","4","1","3",12,18,17,"1",3034
"0","1","1","1","2","0","4","1","3",2,4,2,"2",2328
"0","1","1","0","3","0","1","1","3",1,9,8,"3",2451
"0","6","1","0","3","0","3","1","1",0,0,0,"1",2322
"0","3","0","0","1","1","3","1","4",0,1,0,"2",4978
"0","2","0","1","3","0","3","1","3",1,6,2,"4",5368
"0","2","1","0","2","2","1","0","3",2,14,1,"4",9888
"0","6","1","0","2","2","2","0","3",0,10,9,"1",7988
"0","2","1","1","3","2","2","0","2",1,5,3,"4",4487
"0","0","2","0","3","1","3","0","4",0,9,0,"4",13826
"0","6","1","1","3","0","3","1","1",1,3,0,"3",2696
"0","0","1","1","3","1","3","1","3",6,16,8,"4",13744
"0","6","1","1","3","0","2","1","2",0,4,2,"2",5021
"0","1","1","1","3","0","4","2","2",6,10,9,"1",5577
"0","3","1","0","3","2","4","0","3",1,5,3,"1",8463
"0","4","0","1","3","2","1","0","4",0,8,7,"3",6811
"0","1","1","0","4","1","1","1","2",1,3,0,"1",2066
"0","2","0","0","3","1","1","1","4",1,3,2,"3",5736
"0","0","1","0","3","2","3","0","4",3,11,9,"3",2519
"0","0","1","1","3","1","4","3","1",3,20,8,"3",3221
"0","2","1","0","4","1","1","2","2",1,5,4,"2",6272
"0","0","1","0","4","2","4","0","3",0,1,0,"4",18265
"0","4","0","1","3","0","4","1","1",15,33,0,"2",13577
"0","0","1","0","3","1","3","3","3",0,1,0,"1",19038
"0","0","1","0","3","0","4","1","1",0,1,0,"3",2693
"0","4","0","1","3","1","3","1","2",2,4,3,"1",9884
"0","1","1","0","3","2","2","0","3",0,1,0,"3",2318
"0","0","1","0","2","1","1","1","3",0,3,2,"4",3229
"0","1","1","0","2","1","4","1","4",1,7,7,"4",6854
"0","5","1","0","2","2","2","0","4",2,2,1,"1",18947
"0","3","1","0","3","1","2","0","1",2,2,2,"2",8120
"0","1","0","0","4","0","4","3","3",2,5,2,"4",2089
"0","1","1","1","2","1","1","2","3",6,9,8,"1",2235
"0","4","1","0","3","1","2","1","4",2,2,2,"1",5033
"0","1","1","0","2","1","2","1","2",2,12,8,"3",4900
"0","5","1","0","2","0","1","1","3",0,1,0,"4",14118
"0","2","1","1","3","0","1","1","2",7,8,7,"1",5605
"0","4","1","0","2","1","1","1","4",1,3,2,"3",6651
"0","0","1","0","3","2","3","0","3",0,5,2,"4",6091
"0","0","1","1","3","1","4","1","2",0,4,3,"2",4025
"0","1","1","0","3","2","4","0","1",0,1,0,"1",2956
"0","0","1","1","3","1","4","1","3",1,9,5,"1",19701
"0","6","1","0","3","0","2","1","2",0,5,4,"4",4936
"0","0","0","0","3","2","4","0","3",5,7,7,"4",2570
"0","1","1","0","2","2","1","0","4",0,7,7,"4",5055
"0","2","1","0","3","1","2","2","2",9,10,0,"3",7596
"0","3","1","0","3","0","4","3","3",1,7,7,"4",7547
"0","1","0","0","4","1","3","1","4",1,8,7,"2",5467
"0","0","2","1","2","2","4","0","4",0,4,2,"3",2154
"0","4","1","0","3","1","3","2","4",2,10,2,"4",4089
"0","4","1","0","3","0","1","3","4",7,10,7,"2",7441
"0","0","1","0","4","2","3","0","3",4,20,9,"3",19626
"0","1","1","0","2","0","1","1","1",4,5,3,"3",2911
"0","1","2","1","2","1","2","3","3",1,4,2,"4",2326
"0","0","1","1","2","1","3","1","3",1,5,3,"4",5231
"0","1","1","0","3","1","2","0","2",0,1,0,"2",3022
"0","0","1","0","3","1","3","1","3",0,5,3,"1",3452
"0","0","1","0","3","2","3","0","4",0,16,13,"2",8095
"0","0","1","0","3","0","4","2","2",3,10,9,"4",5770
"0","0","1","0","3","1","3","1","3",0,8,7,"4",19740
"0","6","1","0","1","1","3","1","3",3,8,6,"2",6389
"0","1","1","1","1","1","4","1","5",0,1,1,"3",3057
"0","0","1","0","3","1","1","2","2",1,5,3,"1",3955
"0","0","0","0","3","2","4","0","4",7,8,7,"3",4025
"0","3","0","0","3","1","4","1","2",7,8,5,"4",5249
"0","1","1","0","3","2","1","0","1",0,2,2,"3",3505
"0","0","1","0","1","1","4","1","3",1,7,7,"4",6261
"0","1","1","0","1","2","4","0","4",0,5,4,"1",3785
"0","0","1","0","2","0","1","2","1",1,10,6,"2",19144
"0","5","1","0","3","1","3","0","2",11,22,15,"4",19232
"0","6","2","0","2","0","4","1","3",2,2,2,"2",2789
"0","1","1","0","3","2","2","0","4",0,10,8,"3",5098
"0","0","1","0","3","1","3","0","3",0,4,3,"3",17639
"0","1","1","0","2","2","3","0","3",1,6,4,"4",3445
"0","1","1","0","3","0","1","3","2",0,5,3,"3",2517
"0","2","1","0","3","1","3","1","3",7,9,7,"2",9924
"0","0","2","1","2","1","4","1","2",0,5,2,"3",13247
"0","0","1","0","2","1","2","1","1",1,4,1,"1",2451
"0","0","1","0","3","1","3","1","4",2,2,2,"2",2811
"0","0","1","0","2","0","4","1","4",1,7,7,"4",5915
"0","5","1","0","3","0","2","3","4",1,3,2,"2",15972
"0","0","1","1","4","2","3","0","3",0,1,0,"3",7861
"0","3","1","0","3","0","3","1","2",1,7,7,"1",7140
"0","6","0","0","3","0","1","3","3",3,11,8,"2",2592
"0","1","1","0","3","2","3","0","2",0,0,0,"4",1232
"0","3","1","0","2","0","4","1","4",1,8,1,"3",8628
"0","2","1","0","3","0","1","2","2",0,0,0,"3",4306
"0","6","1","1","3","1","3","1","4",0,1,0,"3",2220
"0","5","1","0","3","2","1","0","5",7,10,7,"2",16835
"0","0","1","0","3","1","4","1","3",5,15,11,"1",13582
"0","0","1","0","3","1","1","1","4",0,20,10,"2",13570
"0","5","1","1","3","1","2","2","4",0,9,8,"1",11916
"0","5","2","1","2","0","4","1","3",11,29,10,"2",19847
"0","4","1","0","3","2","2","0","3",0,5,0,"3",10965
"0","4","2","0","2","1","1","0","1",1,2,2,"3",10527
"0","6","0","0","3","0","3","1","2",2,3,2,"4",2706
"0","3","1","0","3","2","4","0","4",5,10,7,"4",5337
"0","5","1","0","3","0","4","1","2",4,7,7,"3",18606
"0","0","1","0","3","1","2","1","1",0,10,8,"4",3131
"0","1","1","0","4","0","3","1","3",1,3,2,"3",2345
"0","4","1","0","3","0","3","1","3",0,5,3,"4",6513
"0","1","1","0","2","2","4","0","3",2,2,1,"2",2096
"0","0","2","0","3","1","2","1","2",2,2,0,"3",2093
"0","2","1","0","3","1","4","2","3",1,8,7,"3",6712
"0","2","1","1","3","0","2","2","4",0,0,0,"4",5087
"0","0","1","0","3","0","3","1","2",0,1,0,"4",1951
"0","5","1","0","3","1","2","1","3",3,22,10,"2",18213
"0","0","0","0","2","2","3","0","3",0,5,3,"2",6782
"0","2","1","0","3","0","4","3","3",1,10,2,"3",6118
"0","0","1","0","3","1","4","1","2",0,4,3,"2",19081
"0","6","1","0","3","2","2","0","3",1,9,8,"4",3539
"0","2","0","0","3","0","3","1","3",0,1,1,"1",10932
"0","1","1","0","2","2","1","0","3",0,5,4,"3",2632
"0","3","1","1","3","0","3","1","1",0,9,7,"3",8189
"0","1","0","0","3","0","3","1","2",0,4,0,"3",3544
"0","0","0","0","4","1","3","1","3",4,11,8,"3",11031
"0","0","1","0","3","0","1","1","5",0,6,5,"3",16184
"0","0","0","0","2","0","1","1","2",1,4,3,"3",4011
"0","0","0","1","3","2","3","0","2",1,8,7,"3",4695
"0","3","1","0","2","1","3","2","3",6,11,9,"2",8020
"0","4","2","0","2","0","1","1","3",1,4,2,"1",6288
"0","4","1","0","3","2","2","0","4",4,8,0,"2",10445
"0","1","1","0","3","1","4","1","3",2,4,2,"3",2539
"0","5","1","0","2","1","1","1","4",4,20,17,"3",16307
"0","0","1","0","2","1","3","2","1",1,8,7,"2",6549
"0","3","1","0","2","1","2","1","2",1,6,2,"3",5561
"0","1","1","0","3","2","4","0","2",0,5,2,"4",3310
"0","0","1","1","3","1","4","1","3",5,17,15,"3",10685
"0","3","0","1","3","1","3","1","1",1,5,4,"2",6349
"0","1","1","1","3","1","3","0","1",2,3,2,"3",3506
"0","1","1","0","3","1","1","0","3",0,1,0,"4",2061
"0","2","1","1","2","1","3","1","3",1,5,2,"3",4591
"0","4","0","0","3","0","3","1","4",1,5,2,"4",6667
"0","0","1","0","3","2","1","0","3",1,4,3,"2",2013
"0","4","2","0","4","0","1","1","1",1,6,3,"4",8853
"0","2","1","0","3","0","4","2","4",0,3,2,"1",4779
"0","3","1","1","3","1","3","3","4",1,7,7,"1",8966
"0","1","2","1","3","2","3","0","4",1,9,1,"3",4249
"0","6","2","1","3","1","1","0","5",0,10,2,"4",5743
"0","1","1","0","4","2","4","0","2",1,3,2,"3",3375
"0","4","1","0","4","2","3","0","4",4,14,11,"4",6687
"0","2","0","1","2","0","4","1","4",9,10,6,"3",9852
"0","5","2","0","3","1","4","2","4",8,10,8,"2",11878
"0","5","1","0","2","0","3","1","3",0,5,1,"4",11557
"0","1","1","1","3","0","3","1","3",2,2,2,"1",4257
"0","3","2","0","3","1","4","2","3",0,4,3,"1",4373
"0","4","1","0","3","0","2","1","3",7,7,7,"1",4448
"0","4","2","0","3","1","3","1","2",3,8,7,"2",4244
"0","0","1","0","3","2","4","0","3",0,10,8,"4",7898
"0","4","1","1","3","1","4","0","4",1,3,2,"3",4035
"0","2","1","0","3","1","1","1","3",2,2,2,"4",11836
"0","0","1","0","4","1","2","1","2",4,15,13,"4",3986
"0","1","1","0","3","1","4","1","3",1,8,6,"2",2756
"0","3","1","0","3","2","2","0","4",0,1,0,"3",6815
"0","0","0","1","2","1","1","3","4",0,3,2,"3",12965
"0","0","1","0","3","2","3","0","2",2,2,1,"4",2288
"0","2","2","0","2","1","2","1","5",1,9,8,"1",9069
"0","1","1","1","2","1","2","0","5",0,4,3,"3",2127
"0","6","0","0","2","0","1","2","4",0,9,0,"4",3482
"0","1","2","0","3","1","4","0","3",8,10,7,"1",5003
"0","2","2","0","3","1","2","1","2",2,9,8,"4",9738
"0","5","1","0","2","0","2","1","3",6,7,2,"2",11996
"0","4","1","1","4","1","4","0","4",1,4,3,"4",6465
"0","3","1","1","2","1","2","3","2",0,4,2,"4",7457
"0","0","1","1","2","1","3","3","3",0,1,0,"1",2670
"0","5","1","0","3","1","1","0","3",2,2,2,"3",13116
"0","6","1","0","3","2","3","0","3",2,2,2,"3",2783
"0","5","1","0","4","2","3","0","3",0,5,0,"4",11244
"0","5","2","0","3","0","2","1","4",1,14,12,"4",16032
"0","0","1","0","3","2","2","0","3",0,1,0,"4",4272
"0","3","1","0","3","1","1","2","4",0,10,2,"4",5476
"0","1","1","0","2","1","3","1","2",1,5,3,"3",5175
"0","1","1","0","4","2","3","0","3",1,8,7,"3",3660
"0","5","1","0","3","2","4","0","4",7,7,7,"2",19717
"0","6","1","1","4","0","4","1","2",0,4,3,"2",2277
"0","0","1","0","3","1","2","0","3",0,1,0,"4",3038
"0","3","1","1","3","0","4","2","1",1,7,7,"2",8268
"0","0","1","0","3","1","4","1","4",1,5,2,"3",2974
"0","2","1","0","3","1","3","1","4",1,4,3,"2",9250
"0","1","1","0","3","1","4","1","4",7,10,6,"1",3143
"0","0","2","1","3","1","1","0","4",2,2,2,"3",15787
"0","2","1","0","2","1","2","1","1",9,20,6,"4",12031
"0","0","1","0","3","1","4","2","4",0,4,3,"4",2075
"0","3","0","0","3","2","2","0","2",2,2,2,"2",7991
"0","2","1","0","3","1","3","1","4",4,9,2,"2",6825
"0","0","1","0","3","1","2","1","3",0,1,0,"3",3448
"0","1","2","0","3","0","2","1","3",2,20,13,"2",5605
"0","3","1","1","2","0","1","1","3",0,10,9,"2",4187
"0","0","2","0","1","0","4","1","4",1,5,4,"3",10502
"0","5","1","1","3","2","3","0","2",7,21,7,"4",16437
"0","1","1","0","2","1","2","1","4",1,5,2,"2",2226
"0","3","0","0","3","1","3","1","4",1,3,2,"3",6538
"0","2","1","1","3","1","4","0","3",8,10,6,"3",7083
"0","5","1","0","4","1","4","0","2",0,1,0,"3",18303
"0","4","2","0","2","1","4","1","4",7,8,7,"3",5063
"0","0","1","0","3","2","1","0","4",2,12,11,"2",11994
"0","5","0","0","2","2","4","0","3",1,6,3,"4",19431
"0","1","1","0","2","1","2","1","4",2,2,1,"4",5484
"0","1","1","0","3","2","2","0","4",0,6,1,"4",4678
"0","0","2","1","2","1","1","0","3",0,8,7,"2",18172
"0","0","1","1","3","2","3","0","3",1,5,4,"1",4440
"0","3","1","0","3","0","2","3","2",15,24,7,"1",10453
"0","0","1","0","1","1","2","2","4",4,10,7,"2",12490
"0","3","1","0","3","2","3","0","2",0,5,3,"3",6244
"0","0","1","0","3","1","1","1","2",0,10,1,"2",12061
"0","2","1","0","3","2","3","0","3",0,6,5,"4",5171
"0","3","1","0","3","2","3","0","3",1,5,4,"3",5869
"0","1","1","0","3","1","1","1","3",4,14,10,"4",2781
"0","0","1","0","3","0","3","3","2",0,1,0,"1",2296
"0","4","1","1","1","1","4","1","1",0,10,7,"4",4014
"0","1","1","1","3","2","4","0","2",0,3,2,"1",6545
"0","0","1","0","3","1","4","0","4",0,1,0,"3",6553
"0","3","2","1","3","1","4","1","4",1,18,12,"1",10475
"0","1","1","1","3","1","2","0","4",0,1,0,"2",2372
"0","6","1","0","3","1","1","0","3",1,2,0,"1",6410
"0","1","1","0","3","1","4","1","2",0,1,1,"3",1223
"0","0","1","0","3","0","2","1","4",1,5,2,"1",2576
"0","0","0","0","3","1","3","3","3",7,9,5,"4",6674
"0","5","2","0","3","1","4","1","3",2,2,2,"1",17856
"0","0","1","0","3","1","1","1","4",0,8,7,"4",4420
"0","4","2","1","3","1","3","1","4",1,6,2,"2",5488
"0","0","1","1","3","2","4","0","3",1,5,2,"2",6032
"0","1","0","0","2","1","4","1","4",1,6,2,"1",4087
"0","1","1","0","3","0","1","1","3",1,4,2,"2",3537
"0","4","1","1","3","1","4","0","3",0,8,0,"3",7632
"0","5","0","1","3","2","4","0","3",4,5,4,"4",17328
"0","0","1","0","2","2","4","0","3",12,20,7,"4",17328
"0","0","1","0","3","1","2","1","1",1,5,2,"3",2774
"0","2","1","1","3","1","3","0","1",0,5,3,"1",4194
"0","1","1","0","2","2","4","0","3",0,7,3,"2",2279
"0","0","1","0","1","1","4","2","2",2,2,2,"4",4775
"0","0","1","0","2","2","3","0","3",2,2,2,"4",3212
"0","4","1","1","1","1","4","2","3",8,9,5,"4",5855
"0","0","2","0","4","1","4","1","3",9,10,4,"3",6323
"0","0","1","0","2","0","2","3","3",0,5,4,"2",2766
"0","6","1","0","3","1","4","0","1",0,1,0,"2",2804
"0","1","2","0","2","1","3","1","1",0,2,2,"3",2684
"0","3","2","0","3","1","2","1","1",4,11,1,"4",7918
"0","0","1","0","2","1","1","1","2",1,26,7,"2",7403
"0","0","1","0","2","0","3","3","4",8,10,9,"3",3491
"0","0","1","0","3","0","3","1","2",0,10,7,"3",3069
"0","0","1","0","3","1","3","1","3",7,10,8,"3",9434
"0","0","1","1","2","0","4","1","3",2,2,2,"1",2587
"0","0","0","0","2","1","1","0","1",3,5,4,"4",3162
"0","1","1","0","4","1","1","1","3",0,3,2,"1",2819
"0","2","1","0","3","1","2","2","2",0,5,3,"2",4189
"0","2","1","0","3","1","4","1","3",1,3,2,"2",4851
"0","0","1","0","1","1","1","0","3",0,3,1,"3",17861
"0","1","1","0","2","0","3","2","1",0,4,2,"4",2904
"0","1","1","1","3","1","2","2","3",1,6,4,"4",2725
"0","3","1","1","3","2","4","0","3",0,5,4,"3",4478
"0","5","0","0","4","2","3","0","1",6,9,2,"1",16756
"0","6","1","1","3","1","2","1","2",5,11,7,"3",2308
"0","5","1","1","1","1","2","1","2",0,6,4,"4",11904
"0","1","1","0","3","1","2","0","3",0,3,2,"3",3517
"0","1","1","0","3","2","2","0","1",0,3,2,"4",3452
"0","1","1","0","3","2","3","0","5",1,5,4,"3",3038
"0","4","1","0","3","0","3","2","4",0,8,7,"2",10466
"0","0","0","0","3","1","1","3","5",1,3,2,"3",4621
"0","4","1","0","4","0","3","1","4",0,1,0,"4",10883
"0","0","1","1","3","1","4","1","3",1,12,5,"3",13973
"0","4","1","0","3","1","1","1","3",0,10,9,"3",7510
"0","4","1","1","3","1","3","1","3",6,8,7,"4",7879
"0","0","1","0","4","1","2","1","1",0,4,2,"1",2500
"0","3","1","1","3","2","4","0","2",0,9,7,"4",4163
"0","0","1","0","4","2","1","0","5",1,3,0,"2",16422
"0","5","2","0","3","2","2","0","3",0,0,0,"2",18061
"0","6","1","1","2","2","4","0","4",1,3,2,"4",3294
"0","1","2","0","3","2","2","0","3",1,3,2,"3",4739
"0","0","2","0","2","0","2","2","3",6,14,9,"1",17007
"0","0","1","0","3","0","2","1","2",1,2,2,"4",2661
"0","6","1","0","3","1","3","1","3",0,5,4,"2",2143
"0","0","1","0","4","1","2","1","4",0,5,3,"3",3477
"0","3","1","0","2","2","1","0","3",7,21,9,"1",7637
"0","2","1","0","3","1","1","1","2",1,1,0,"4",10239
"0","1","0","0","1","2","2","0","3",0,0,0,"3",1514
"0","0","0","1","3","1","4","1","3",5,9,8,"4",6472
"0","0","1","0","2","1","3","1","2",0,1,1,"4",2690
"0","2","1","0","3","1","2","1","2",5,11,10,"2",5677
"0","3","1","0","3","1","1","1","2",1,10,9,"4",5343
"0","2","1","1","3","1","4","1","3",8,10,8,"4",7847
"0","0","1","0","3","1","3","1","4",1,5,4,"1",2238
"0","1","1","0","1","1","2","1","3",7,8,7,"2",3936
"0","0","1","1","3","1","2","1","2",0,10,8,"4",5415
"0","5","1","0","3","1","3","0","3",15,26,9,"1",17048
"0","1","1","0","3","2","3","0","4",2,2,2,"3",2809
"0","1","0","1","2","0","3","1","3",0,1,1,"3",2566
"0","2","1","0","4","1","4","1","4",5,15,9,"3",5902
"0","2","1","1","2","1","3","1","3",0,2,0,"4",4157
"0","0","2","0","4","0","3","1","4",0,9,0,"3",5257
"0","3","1","0","1","1","2","1","4",0,5,4,"1",5561
"0","0","1","0","3","2","4","0","3",1,4,2,"2",3597
"0","2","2","0","2","1","1","1","3",6,15,13,"1",4639
"0","3","1","1","4","0","3","1","2",0,5,3,"1",5006
"0","3","2","0","2","1","4","0","3",0,9,8,"2",5390
"0","0","1","0","3","1","4","1","4",0,7,7,"3",6883
"0","0","1","1","2","0","2","1","2",13,27,8,"3",18740
"0","0","0","0","3","1","1","0","4",0,5,2,"2",2810
"0","0","2","0","4","0","3","2","3",5,11,10,"2",4444
"0","2","1","1","2","1","2","1","2",4,18,11,"4",6201
"0","0","1","0","3","1","1","1","4",2,3,2,"4",4227
"0","0","0","0","3","0","3","2","3",6,12,10,"1",3072
"0","3","1","0","2","1","2","1","3",7,8,7,"4",6929
"0","1","2","0","2","0","4","2","3",1,7,1,"2",3291
"0","0","1","0","3","1","4","0","3",1,5,0,"2",5295
"0","4","1","0","3","0","4","1","4",0,4,3,"1",9396
"0","0","1","0","2","2","1","0","4",1,10,8,"4",5810
"0","0","2","0","2","0","4","2","2",1,9,7,"1",8793
"0","0","1","1","2","1","4","1","3",5,10,8,"1",7406
"0","0","1","1","4","1","4","0","4",0,0,0,"1",13245
"0","0","1","0","3","1","4","1","2",3,4,2,"1",2218
"0","3","2","0","2","1","2","1","3",0,10,1,"3",4539
"0","6","1","0","3","1","2","0","1",0,7,6,"3",2096
"0","0","2","0","3","1","3","1","3",0,8,1,"1",10820
"0","0","0","0","3","0","4","1","3",0,3,2,"4",2314
"0","6","1","1","3","2","3","0","4",1,9,7,"4",8837
"0","2","0","0","3","0","1","1","4",7,9,7,"2",8834
"0","0","2","0","3","2","2","0","3",1,6,2,"2",4425
"0","2","1","0","4","2","3","0","2",9,10,6,"1",6125
"0","2","1","1","2","1","4","0","1",0,4,1,"4",8103
"0","6","2","0","3","1","1","1","3",2,2,1,"4",2145
"0","4","1","1","3","1","4","1","3",5,12,7,"1",8321
"0","4","1","0","3","1","2","1","3",7,9,8,"4",5582
"0","0","2","1","3","2","3","0","5",13,32,9,"4",14411
"0","5","1","0","3","1","4","1","2",13,22,7,"1",17665
"0","4","1","1","3","1","3","0","2",4,20,10,"4",13496
"0","1","1","0","3","2","4","0","3",1,4,2,"1",2439
"0","0","1","0","3","1","4","1","3",0,9,0,"4",5363
"0","1","1","0","2","1","3","1","2",0,3,2,"1",3920
"0","1","2","0","3","0","3","1","3",0,1,0,"3",2083
"0","3","2","0","2","2","1","0","1",1,4,3,"3",5473
"0","0","2","0","3","1","2","0","1",4,5,3,"4",19161
"0","2","1","0","3","2","4","0","3",0,5,1,"3",4850
"0","6","1","0","3","1","4","0","3",2,2,2,"4",2014
"0","0","2","0","1","2","1","0","3",3,9,8,"3",5042
"0","6","2","0","3","1","3","1","4",1,4,2,"3",2231
"0","2","1","1","3","1","2","1","4",1,10,7,"3",5673
"0","0","1","0","3","2","1","0","1",1,4,2,"3",2272
"0","6","1","0","3","1","2","1","3",1,5,4,"3",3600
"0","0","1","1","3","2","4","0","3",2,18,17,"1",4721
"0","0","1","1","3","0","2","1","2",0,3,2,"2",8847
"0","4","1","0","3","0","4","2","1",1,7,6,"3",6384
"0","1","1","1","2","1","3","1","3",1,5,1,"2",3058
"0","1","1","0","3","0","3","1","4",1,7,7,"4",2514
"0","0","2","0","3","1","3","1","3",2,2,2,"2",2743
"0","1","1","0","3","0","2","1","3",0,1,0,"1",9724
"0","1","1","0","3","2","1","0","1",1,7,7,"4",4108
"0","0","1","1","3","1","3","1","3",0,3,2,"4",2659
"0","1","1","1","3","1","3","1","4",0,5,3,"4",4821
"0","0","1","0","4","0","1","1","3",0,1,0,"2",4765
"0","4","1","0","3","1","2","2","4",0,3,2,"1",8008
"0","2","1","0","3","0","4","1","2",0,3,2,"4",6931
"0","0","1","0","1","1","1","1","4",0,4,3,"3",13549
"0","3","1","0","2","2","4","0","3",0,10,8,"4",5396
"0","2","1","0","3","1","2","1","3",0,10,7,"1",8392
"0","1","1","0","1","2","1","0","4",0,1,0,"4",2972
"0","4","2","1","3","1","3","2","4",6,8,7,"2",6385
"0","0","2","0","3","2","4","0","3",1,9,8,"3",9526
"0","6","1","0","3","2","3","0","1",1,3,2,"3",3447
"0","3","1","0","3","1","3","0","3",1,5,0,"3",4601
"0","0","1","0","3","0","3","3","4",1,3,2,"3",2232
"0","0","2","1","3","0","2","3","3",0,10,7,"4",12185
"0","0","1","0","3","2","2","0","3",2,2,2,"2",8376
"0","0","2","1","3","1","4","1","2",0,1,0,"4",1702
"0","2","1","0","3","1","3","1","3",0,5,4,"1",4724
"0","0","0","0","2","1","3","0","2",0,9,8,"2",4447
"0","1","0","0","3","1","4","1","4",1,4,2,"4",4258
"0","1","1","0","3","1","2","2","3",0,10,9,"2",6220
"0","4","2","1","4","2","4","0","3",0,3,2,"3",6294
"0","0","1","0","3","1","2","0","4",0,1,0,"3",6132
"0","3","2","0","2","0","3","2","4",1,6,3,"4",9525
"0","0","1","0","3","2","3","0","4",0,1,0,"3",3780
"0","0","1","0","3","1","4","1","4",1,5,4,"3",3149
"0","5","1","0","2","0","3","1","3",4,14,8,"3",19094
"0","5","1","0","3","2","3","0","3",5,11,8,"1",11631
"0","0","1","0","3","2","2","0","5",2,3,2,"4",3983
"0","6","2","0","3","1","3","0","4",1,6,2,"3",6077
"0","1","0","0","2","1","4","3","3",0,0,0,"4",1706
"0","2","2","0","3","2","4","0","3",0,7,7,"3",9981
"1","1","1","0","4","2","1","0","3",0,1,0,"2",1261
"1","6","1","1","3","1","1","0","2",0,3,2,"3",2683
"1","0","2","0","3","0","1","2","3",0,1,0,"2",2596
"1","3","1","0","3","2","1","0","2",2,2,0,"3",4577
"1","0","2","0","2","2","3","0","2",0,0,0,"1",2561
"1","6","1","0","3","2","3","0","4",0,5,3,"1",3407
"1","0","1","1","3","1","2","0","2",0,1,1,"3",5916
"1","0","1","1","2","1","3","0","1",0,1,0,"4",2515
"1","0","2","0","3","2","2","0","3",1,3,2,"2",2422
"1","0","2","1","1","0","4","1","3",0,1,0,"3",3161
"1","1","1","1","3","2","3","0","4",0,6,2,"3",2936
"1","6","1","1","3","0","1","3","3",2,2,0,"1",2335
"1","3","1","0","3","2","1","0","2",0,0,0,"2",6735
"1","2","1","1","3","1","3","2","2",1,6,0,"3",6380
"1","1","1","1","3","2","4","0","1",0,1,0,"2",2472
"1","6","2","1","3","2","3","0","1",1,1,0,"4",1118
"1","6","1","0","3","1","1","0","4",2,2,2,"3",2742
"1","1","1","0","2","2","4","0","1",0,1,0,"4",2693
"1","6","1","0","4","2","1","0","2",0,1,0,"4",2564
"1","1","1","1","3","2","4","0","4",7,8,7,"3",2394
"1","6","2","1","4","2","2","0","2",0,0,0,"4",1569
"1","6","2","1","3","2","1","0","1",1,3,2,"2",2174
"1","4","1","0","2","1","4","1","4",15,40,6,"4",10312
"1","6","2","0","4","2","3","0","3",0,1,0,"4",2785
"1","3","2","0","3","0","2","2","4",0,6,1,"3",6728
"1","6","2","1","3","0","2","3","3",0,3,2,"1",9950
"1","2","0","0","3","1","4","0","4",1,4,2,"3",4707
"1","0","1","1","3","1","2","1","2",0,1,0,"1",2319
"1","1","2","1","3","2","1","0","2",0,4,3,"3",2432
"1","2","1","0","3","1","1","3","4",0,1,0,"3",8161
"1","0","1","1","3","2","3","0","3",0,4,3,"3",2028
"1","2","1","1","4","2","1","0","4",10,15,10,"2",4599
"1","0","1","1","1","2","1","0","3",0,4,3,"1",2166
"1","0","1","1","4","1","4","1","1",5,7,6,"4",3691
"1","1","1","1","4","1","1","3","4",2,2,2,"4",4787
"1","0","1","0","3","0","1","3","1",1,4,3,"4",3408
"1","2","1","1","3","2","3","0","3",7,10,7,"4",5813
"1","3","2","0","2","2","3","0","4",0,6,1,"1",6696
"1","3","1","1","3","2","4","0","3",4,8,7,"1",9582
"1","2","1","1","3","2","3","0","3",0,6,3,"3",5744
"1","0","2","0","3","2","1","0","2",1,4,3,"1",4284
"1","0","2","0","1","2","1","0","2",2,2,2,"3",2625
"1","6","1","0","3","1","1","0","2",2,3,2,"1",4400
"1","0","1","1","1","1","3","1","3",0,5,4,"4",2436
"1","2","1","0","3","1","2","1","3",6,10,7,"1",9714
"1","1","1","1","2","1","1","0","4",2,3,2,"4",3464
"1","0","1","1","1","2","3","0","3",0,1,0,"4",2340
"1","0","2","0","3","2","3","0","1",1,2,2,"3",3894
"1","5","1","1","4","1","2","0","1",7,7,7,"3",13610
"1","0","2","0","4","2","3","0","2",1,5,4,"2",3479
"1","0","1","1","3","2","1","0","2",0,1,0,"3",5381
"1","0","2","0","2","1","3","1","3",2,2,2,"3",2610
"1","1","1","1","3","2","4","0","1",1,1,1,"3",1009
"1","0","1","0","4","2","1","0","3",0,5,4,"1",4200
"1","1","2","0","3","2","1","0","4",3,13,8,"3",4508
"1","3","1","1","3","1","2","1","3",2,2,2,"3",4559
"1","2","1","1","3","2","4","0","4",7,8,4,"4",5828
"1","5","1","0","3","1","1","1","1",6,32,9,"4",19845
"1","3","1","1","3","0","2","3","5",2,2,2,"1",6134
"1","0","1","0","3","2","3","0","4",15,17,14,"1",2743
"1","0","2","1","3","2","1","0","3",0,9,6,"3",6074
"1","0","1","0","3","1","4","1","2",1,10,1,"3",4883
"1","1","2","1","3","2","3","0","3",0,1,0,"4",2285
"1","1","2","0","3","2","3","0","1",0,6,4,"1",3102
"1","0","1","1","3","1","3","3","3",0,1,0,"2",2408
"1","0","1","0","1","2","4","0","4",0,10,8,"1",4213
"1","1","2","1","3","2","1","0","3",9,10,7,"1",3348
"1","0","1","0","1","2","4","0","4",1,5,0,"1",2018
"1","6","1","1","3","0","2","3","3",0,3,2,"3",2800
"1","6","2","0","4","1","2","1","4",0,1,0,"1",2033
"1","2","1","1","2","1","4","0","2",0,1,0,"3",5238
"1","6","1","0","3","2","2","0","3",2,2,2,"2",2760
"1","3","2","1","3","2","2","0","2",1,5,3,"3",6397
"1","2","1","0","1","1","4","1","1",3,11,10,"1",7336
"1","1","1","1","3","2","1","0","3",2,2,2,"2",2313
"1","3","1","0","2","1","2","3","3",1,10,9,"4",7639
"1","6","1","0","3","2","2","0","1",1,1,0,"2",2679
"1","6","2","0","2","1","4","1","3",1,1,0,"1",1790
"1","6","1","1","4","2","4","0","3",0,1,0,"2",2121
"1","1","0","0","1","0","1","1","2",0,1,0,"1",2107
"1","3","1","0","1","1","1","0","4",11,14,7,"3",10609
"1","1","2","1","3","0","3","0","3",2,2,2,"3",2759
"1","0","1","1","3","2","4","0","4",13,31,8,"2",19246
"1","2","2","1","3","2","4","0","4",0,0,0,"3",4728
"1","0","1","1","1","1","4","0","3",2,2,2,"1",2404
"1","3","2","0","3","2","1","0","3",7,8,7,"2",9355
"1","0","1","0","2","0","1","1","3",0,1,0,"3",4834
"1","6","2","0","3","1","1","0","3",0,1,0,"2",2863
"1","6","1","0","3","2","3","0","3",0,1,0,"2",2716
"1","6","1","1","3","0","3","1","3",0,3,2,"4",2275
"1","1","2","1","3","1","1","1","3",1,3,2,"1",2042
"1","0","1","1","2","1","3","0","4",5,10,9,"1",10008
"1","0","1","1","2","1","4","2","4",6,10,7,"3",6179
"1","6","1","1","2","2","4","0","1",0,0,0,"3",1675
"1","0","1","0","2","2","1","0","3",0,1,1,"3",2293
"1","3","1","0","2","1","4","0","4",9,14,8,"4",10400
"1","2","1","0","2","2","1","0","3",1,4,3,"3",5346
"1","3","1","0","3","1","3","3","3",0,8,7,"2",7314
"1","3","1","0","2","2","4","0","3",1,4,2,"1",5326
"1","1","1","1","2","1","4","1","3",0,1,0,"3",3388
"1","0","1","0","1","1","4","1","2",0,1,0,"2",2210
"1","2","2","0","3","1","1","2","4",0,1,0,"1",4286
"1","1","2","1","3","2","2","0","1",6,10,7,"1",3919
"1","0","1","1","3","2","4","0","2",0,0,0,"3",2090
"1","2","0","0","3","2","2","0","2",2,2,2,"1",4969
"1","1","1","1","3","1","2","3","4",4,5,3,"2",4963
"1","0","1","0","3","2","1","0","2",1,4,0,"4",2587
"1","1","0","1","3","2","3","0","2",1,3,2,"1",2321
"1","0","1","0","4","1","1","0","3",1,3,2,"1",2362
"1","6","1","1","2","2","2","0","2",0,4,2,"2",3140
"1","1","1","0","2","2","3","0","3",1,6,5,"3",2058
"1","1","1","1","3","2","1","0","2",3,7,7,"2",2216
"1","3","2","0","1","1","3","0","3",14,23,10,"3",12936
"1","3","1","1","2","1","2","0","4",7,7,7,"3",6172
"1","0","1","0","4","1","1","0","2",1,9,7,"1",2707
"1","0","2","1","2","0","4","1","1",0,1,0,"4",2380
"1","4","0","0","2","2","2","0","2",1,10,9,"1",8722
"1","0","1","0","3","1","3","1","5",1,33,9,"4",10169
"1","6","1","0","3","1","4","1","1",0,1,0,"3",1555
"1","2","1","1","2","2","1","0","4",2,2,2,"1",10448
"1","6","1","0","2","2","2","0","3",0,1,0,"4",1081
"1","3","1","1","3","1","3","1","1",3,16,7,"4",10325
"1","6","1","1","3","1","3","3","2",0,1,0,"2",2413
"1","6","2","0","3","2","3","0","3",0,1,0,"1",1091
"1","6","2","0","3","2","2","0","4",0,1,0,"3",1359
"1","2","1","0","1","0","2","0","4",1,3,2,"1",4233
"1","0","0","0","3","2","3","0","1",0,0,0,"3",1904
"1","1","1","1","2","2","4","0","4",7,10,8,"4",2686
"1","0","1","0","3","2","1","0","3",0,1,0,"1",2973
"1","1","0","1","3","1","4","1","4",3,5,0,"1",2307
"1","0","2","0","3","0","1","2","3",0,1,0,"3",10048
"1","0","1","0","3","2","4","0","4",0,1,0,"2",1393
"1","2","2","1","4","2","4","0","4",6,11,7,"4",4581
"1","1","1","1","3","2","4","0","3",0,0,0,"1",2404
"1","0","1","1","3","0","1","1","3",0,1,0,"1",2074
"1","0","1","1","4","1","2","1","1",0,3,2,"3",4171
"1","0","2","0","2","1","4","1","4",0,7,7,"1",5346
"1","0","1","0","2","2","3","0","3",1,1,0,"1",1416
"1","1","1","0","1","2","1","0","4",0,9,7,"1",2362
"1","1","1","0","3","2","2","0","1",1,4,3,"1",2960
"1","5","1","1","3","1","4","1","3",1,5,4,"1",19859
"1","1","1","0","2","1","3","0","4",7,8,7,"2",4941
"1","5","0","1","2","1","1","1","4",9,10,9,"2",11849
"1","1","1","1","3","2","4","0","3",0,1,0,"1",2600
"1","6","2","1","3","2","2","0","3",0,0,0,"2",1878
"1","6","2","0","2","0","4","1","2",1,2,0,"3",2351
"1","0","1","0","1","2","1","0","4",0,0,0,"3",3485
"1","0","1","1","3","0","1","1","4",0,3,2,"2",2373
"1","1","2","0","1","2","4","0","3",7,7,7,"3",4084
"1","3","0","1","2","2","1","0","3",0,5,4,"4",5304
"1","0","1","0","3","1","2","0","3",15,22,8,"3",19545
"1","6","2","1","2","0","2","1","4",1,7,0,"3",2741
"1","3","1","0","3","2","3","0","2",4,9,7,"4",9619
"1","1","1","0","4","1","3","0","5",1,2,1,"2",2546
"1","6","1","1","3","0","3","0","4",0,3,2,"1",2073
"1","0","2","1","1","1","2","1","3",2,2,2,"4",3722
"1","0","1","0","1","1","4","1","2",9,10,8,"3",2339
"1","6","2","1","3","1","4","2","2",7,9,7,"3",2655
"1","2","2","1","2","2","3","0","3",13,21,14,"1",13758
"1","2","1","1","1","2","2","0","2",0,6,5,"4",5993
"1","6","2","0","2","0","3","1","3",1,4,2,"4",2180
"1","0","1","1","3","0","2","2","3",7,7,7,"3",3339
"1","3","2","0","1","2","1","0","3",0,5,0,"2",5765
"1","3","1","1","3","2","1","0","4",0,5,3,"1",8224
"1","0","2","0","3","2","3","0","5",4,10,7,"2",7446
"1","2","1","1","2","2","1","0","3",0,0,0,"1",8564
"1","1","1","1","2","1","2","1","3",2,2,0,"4",2293
"1","1","1","0","4","2","1","0","3",0,1,0,"2",1261
"1","6","1","1","3","1","1","0","2",0,3,2,"3",2683
"1","0","2","0","3","0","1","2","3",0,1,0,"2",2596
"1","3","1","0","3","2","1","0","2",2,2,0,"3",4577
"1","0","2","0","2","2","3","0","2",0,0,0,"1",2561
"1","6","1","0","3","2","3","0","4",0,5,3,"1",3407
"1","0","1","1","3","1","2","0","2",0,1,1,"3",5916
"1","0","1","1","2","1","3","0","1",0,1,0,"4",2515
"1","0","2","0","3","2","2","0","3",1,3,2,"2",2422
"1","0","2","1","1","0","4","1","3",0,1,0,"3",3161
"1","1","1","1","3","2","3","0","4",0,6,2,"3",2936
"1","6","1","1","3","0","1","3","3",2,2,0,"1",2335
"1","3","1","0","3","2","1","0","2",0,0,0,"2",6735
"1","2","1","1","3","1","3","2","2",1,6,0,"3",6380
"1","1","1","1","3","2","4","0","1",0,1,0,"2",2472
"1","6","2","1","3","2","3","0","1",1,1,0,"4",1118
"1","6","1","0","3","1","1","0","4",2,2,2,"3",2742
"1","1","1","0","2","2","4","0","1",0,1,0,"4",2693
"1","6","1","0","4","2","1","0","2",0,1,0,"4",2564
"1","1","1","1","3","2","4","0","4",7,8,7,"3",2394
"1","6","2","1","4","2","2","0","2",0,0,0,"4",1569
"1","6","2","1","3","2","1","0","1",1,3,2,"2",2174
"1","4","1","0","2","1","4","1","4",15,40,6,"4",10312
"1","6","2","0","4","2","3","0","3",0,1,0,"4",2785
"1","3","2","0","3","0","2","2","4",0,6,1,"3",6728
"1","6","2","1","3","0","2","3","3",0,3,2,"1",9950
"1","2","0","0","3","1","4","0","4",1,4,2,"3",4707
"1","0","1","1","3","1","2","1","2",0,1,0,"1",2319
"1","1","2","1","3","2","1","0","2",0,4,3,"3",2432
"1","2","1","0","3","1","1","3","4",0,1,0,"3",8161
"1","0","1","1","3","2","3","0","3",0,4,3,"3",2028
"1","2","1","1","4","2","1","0","4",10,15,10,"2",4599
"1","0","1","1","1","2","1","0","3",0,4,3,"1",2166
"1","0","1","1","4","1","4","1","1",5,7,6,"4",3691
"1","1","1","1","4","1","1","3","4",2,2,2,"4",4787
"1","0","1","0","3","0","1","3","1",1,4,3,"4",3408
"1","2","1","1","3","2","3","0","3",7,10,7,"4",5813
"1","3","2","0","2","2","3","0","4",0,6,1,"1",6696
"1","3","1","1","3","2","4","0","3",4,8,7,"1",9582
"1","2","1","1","3","2","3","0","3",0,6,3,"3",5744
"1","0","2","0","3","2","1","0","2",1,4,3,"1",4284
"1","0","2","0","1","2","1","0","2",2,2,2,"3",2625
"1","6","1","0","3","1","1","0","2",2,3,2,"1",4400
"1","0","1","1","1","1","3","1","3",0,5,4,"4",2436
"1","2","1","0","3","1","2","1","3",6,10,7,"1",9714
"1","1","1","1","2","1","1","0","4",2,3,2,"4",3464
"1","0","1","1","1","2","3","0","3",0,1,0,"4",2340
"1","0","2","0","3","2","3","0","1",1,2,2,"3",3894
"1","5","1","1","4","1","2","0","1",7,7,7,"3",13610
"1","0","2","0","4","2","3","0","2",1,5,4,"2",3479
"1","0","1","1","3","2","1","0","2",0,1,0,"3",5381
"1","0","2","0","2","1","3","1","3",2,2,2,"3",2610
"1","1","1","1","3","2","4","0","1",1,1,1,"3",1009
"1","0","1","0","4","2","1","0","3",0,5,4,"1",4200
"1","1","2","0","3","2","1","0","4",3,13,8,"3",4508
"1","3","1","1","3","1","2","1","3",2,2,2,"3",4559
"1","2","1","1","3","2","4","0","4",7,8,4,"4",5828
"1","5","1","0","3","1","1","1","1",6,32,9,"4",19845
"1","3","1","1","3","0","2","3","5",2,2,2,"1",6134
"1","0","1","0","3","2","3","0","4",15,17,14,"1",2743
"1","0","2","1","3","2","1","0","3",0,9,6,"3",6074
"1","0","1","0","3","1","4","1","2",1,10,1,"3",4883
"1","1","2","1","3","2","3","0","3",0,1,0,"4",2285
"1","1","2","0","3","2","3","0","1",0,6,4,"1",3102
"1","0","1","1","3","1","3","3","3",0,1,0,"2",2408
"1","0","1","0","1","2","4","0","4",0,10,8,"1",4213
"1","1","2","1","3","2","1","0","3",9,10,7,"1",3348
"1","0","1","0","1","2","4","0","4",1,5,0,"1",2018
"1","6","1","1","3","0","2","3","3",0,3,2,"3",2800
"1","6","2","0","4","1","2","1","4",0,1,0,"1",2033
"1","2","1","1","2","1","4","0","2",0,1,0,"3",5238
"1","6","1","0","3","2","2","0","3",2,2,2,"2",2760
"1","3","2","1","3","2","2","0","2",1,5,3,"3",6397
"1","2","1","0","1","1","4","1","1",3,11,10,"1",7336
"1","1","1","1","3","2","1","0","3",2,2,2,"2",2313
"1","3","1","0","2","1","2","3","3",1,10,9,"4",7639
"1","6","1","0","3","2","2","0","1",1,1,0,"2",2679
"1","6","2","0","2","1","4","1","3",1,1,0,"1",1790
"1","6","1","1","4","2","4","0","3",0,1,0,"2",2121
"1","1","0","0","1","0","1","1","2",0,1,0,"1",2107
"1","3","1","0","1","1","1","0","4",11,14,7,"3",10609
"1","1","2","1","3","0","3","0","3",2,2,2,"3",2759
"1","0","1","1","3","2","4","0","4",13,31,8,"2",19246
"1","2","2","1","3","2","4","0","4",0,0,0,"3",4728
"1","0","1","1","1","1","4","0","3",2,2,2,"1",2404
"1","3","2","0","3","2","1","0","3",7,8,7,"2",9355
"1","0","1","0","2","0","1","1","3",0,1,0,"3",4834
"1","6","2","0","3","1","1","0","3",0,1,0,"2",2863
"1","6","1","0","3","2","3","0","3",0,1,0,"2",2716
"1","6","1","1","3","0","3","1","3",0,3,2,"4",2275
"1","1","2","1","3","1","1","1","3",1,3,2,"1",2042
"1","0","1","1","2","1","3","0","4",5,10,9,"1",10008
"1","0","1","1","2","1","4","2","4",6,10,7,"3",6179
"1","6","1","1","2","2","4","0","1",0,0,0,"3",1675
"1","0","1","0","2","2","1","0","3",0,1,1,"3",2293
"1","3","1","0","2","1","4","0","4",9,14,8,"4",10400
"1","2","1","0","2","2","1","0","3",1,4,3,"3",5346
"1","3","1","0","3","1","3","3","3",0,8,7,"2",7314
"1","3","1","0","2","2","4","0","3",1,4,2,"1",5326
"1","1","1","1","2","1","4","1","3",0,1,0,"3",3388
"1","0","1","0","1","1","4","1","2",0,1,0,"2",2210
"1","2","2","0","3","1","1","2","4",0,1,0,"1",4286
"1","1","2","1","3","2","2","0","1",6,10,7,"1",3919
"1","0","1","1","3","2","4","0","2",0,0,0,"3",2090
"1","2","0","0","3","2","2","0","2",2,2,2,"1",4969
"1","1","1","1","3","1","2","3","4",4,5,3,"2",4963
"1","0","1","0","3","2","1","0","2",1,4,0,"4",2587
"1","1","0","1","3","2","3","0","2",1,3,2,"1",2321
"1","0","1","0","4","1","1","0","3",1,3,2,"1",2362
"1","6","1","1","2","2","2","0","2",0,4,2,"2",3140
"1","1","1","0","2","2","3","0","3",1,6,5,"3",2058
"1","1","1","1","3","2","1","0","2",3,7,7,"2",2216
"1","3","2","0","1","1","3","0","3",14,23,10,"3",12936
"1","3","1","1","2","1","2","0","4",7,7,7,"3",6172
"1","0","1","0","4","1","1","0","2",1,9,7,"1",2707
"1","0","2","1","2","0","4","1","1",0,1,0,"4",2380
"1","4","0","0","2","2","2","0","2",1,10,9,"1",8722
"1","0","1","0","3","1","3","1","5",1,33,9,"4",10169
"1","6","1","0","3","1","4","1","1",0,1,0,"3",1555
"1","2","1","1","2","2","1","0","4",2,2,2,"1",10448
"1","6","1","0","2","2","2","0","3",0,1,0,"4",1081
"1","3","1","1","3","1","3","1","1",3,16,7,"4",10325
"1","6","1","1","3","1","3","3","2",0,1,0,"2",2413
"1","6","2","0","3","2","3","0","3",0,1,0,"1",1091
"1","6","2","0","3","2","2","0","4",0,1,0,"3",1359
"1","2","1","0","1","0","2","0","4",1,3,2,"1",4233
"1","0","0","0","3","2","3","0","1",0,0,0,"3",1904
"1","1","1","1","2","2","4","0","4",7,10,8,"4",2686
"1","0","1","0","3","2","1","0","3",0,1,0,"1",2973
"1","1","0","1","3","1","4","1","4",3,5,0,"1",2307
"1","0","2","0","3","0","1","2","3",0,1,0,"3",10048
"1","0","1","0","3","2","4","0","4",0,1,0,"2",1393
"1","2","2","1","4","2","4","0","4",6,11,7,"4",4581
"1","1","1","1","3","2","4","0","3",0,0,0,"1",2404
"1","0","1","1","3","0","1","1","3",0,1,0,"1",2074
"1","0","1","1","4","1","2","1","1",0,3,2,"3",4171
"1","0","2","0","2","1","4","1","4",0,7,7,"1",5346
"1","0","1","0","2","2","3","0","3",1,1,0,"1",1416
"1","1","1","0","1","2","1","0","4",0,9,7,"1",2362
"1","1","1","0","3","2","2","0","1",1,4,3,"1",2960
"1","5","1","1","3","1","4","1","3",1,5,4,"1",19859
"1","1","1","0","2","1","3","0","4",7,8,7,"2",4941
"1","5","0","1","2","1","1","1","4",9,10,9,"2",11849
"1","1","1","1","3","2","4","0","3",0,1,0,"1",2600
"1","6","2","1","3","2","2","0","3",0,0,0,"2",1878
"1","6","2","0","2","0","4","1","2",1,2,0,"3",2351
"1","0","1","0","1","2","1","0","4",0,0,0,"3",3485
"1","0","1","1","3","0","1","1","4",0,3,2,"2",2373
"1","1","2","0","1","2","4","0","3",7,7,7,"3",4084
"1","3","0","1","2","2","1","0","3",0,5,4,"4",5304
"1","0","1","0","3","1","2","0","3",15,22,8,"3",19545
"1","6","2","1","2","0","2","1","4",1,7,0,"3",2741
"1","3","1","0","3","2","3","0","2",4,9,7,"4",9619
"1","1","1","0","4","1","3","0","5",1,2,1,"2",2546
"1","6","1","1","3","0","3","0","4",0,3,2,"1",2073
"1","0","2","1","1","1","2","1","3",2,2,2,"4",3722
"1","0","1","0","1","1","4","1","2",9,10,8,"3",2339
"1","6","2","1","3","1","4","2","2",7,9,7,"3",2655
"1","2","2","1","2","2","3","0","3",13,21,14,"1",13758
"1","2","1","1","1","2","2","0","2",0,6,5,"4",5993
"1","6","2","0","2","0","3","1","3",1,4,2,"4",2180
"1","0","1","1","3","0","2","2","3",7,7,7,"3",3339
"1","3","2","0","1","2","1","0","3",0,5,0,"2",5765
"1","3","1","1","3","2","1","0","4",0,5,3,"1",8224
"1","0","2","0","3","2","3","0","5",4,10,7,"2",7446
"1","2","1","1","2","2","1","0","3",0,0,0,"1",8564
"1","1","1","1","2","1","2","1","3",2,2,0,"4",2293
"1","1","1","0","4","2","1","0","3",0,1,0,"2",1261
"1","6","1","1","3","1","1","0","2",0,3,2,"3",2683
"1","0","2","0","3","0","1","2","3",0,1,0,"2",2596
"1","3","1","0","3","2","1","0","2",2,2,0,"3",4577
"1","0","2","0","2","2","3","0","2",0,0,0,"1",2561
"1","6","1","0","3","2","3","0","4",0,5,3,"1",3407
"1","0","1","1","3","1","2","0","2",0,1,1,"3",5916
"1","0","1","1","2","1","3","0","1",0,1,0,"4",2515
"1","0","2","0","3","2","2","0","3",1,3,2,"2",2422
"1","0","2","1","1","0","4","1","3",0,1,0,"3",3161
"1","1","1","1","3","2","3","0","4",0,6,2,"3",2936
"1","6","1","1","3","0","1","3","3",2,2,0,"1",2335
"1","3","1","0","3","2","1","0","2",0,0,0,"2",6735
"1","2","1","1","3","1","3","2","2",1,6,0,"3",6380
"1","1","1","1","3","2","4","0","1",0,1,0,"2",2472
"1","6","2","1","3","2","3","0","1",1,1,0,"4",1118
"1","6","1","0","3","1","1","0","4",2,2,2,"3",2742
"1","1","1","0","2","2","4","0","1",0,1,0,"4",2693
"1","6","1","0","4","2","1","0","2",0,1,0,"4",2564
"1","1","1","1","3","2","4","0","4",7,8,7,"3",2394
"1","6","2","1","4","2","2","0","2",0,0,0,"4",1569
"1","6","2","1","3","2","1","0","1",1,3,2,"2",2174
"1","4","1","0","2","1","4","1","4",15,40,6,"4",10312
"1","6","2","0","4","2","3","0","3",0,1,0,"4",2785
"1","3","2","0","3","0","2","2","4",0,6,1,"3",6728
"1","6","2","1","3","0","2","3","3",0,3,2,"1",9950
"1","2","0","0","3","1","4","0","4",1,4,2,"3",4707
"1","0","1","1","3","1","2","1","2",0,1,0,"1",2319
"1","1","2","1","3","2","1","0","2",0,4,3,"3",2432
"1","2","1","0","3","1","1","3","4",0,1,0,"3",8161
"1","0","1","1","3","2","3","0","3",0,4,3,"3",2028
"1","2","1","1","4","2","1","0","4",10,15,10,"2",4599
"1","0","1","1","1","2","1","0","3",0,4,3,"1",2166
"1","0","1","1","4","1","4","1","1",5,7,6,"4",3691
"1","1","1","1","4","1","1","3","4",2,2,2,"4",4787
"1","0","1","0","3","0","1","3","1",1,4,3,"4",3408
"1","2","1","1","3","2","3","0","3",7,10,7,"4",5813
"1","3","2","0","2","2","3","0","4",0,6,1,"1",6696
"1","3","1","1","3","2","4","0","3",4,8,7,"1",9582
"1","2","1","1","3","2","3","0","3",0,6,3,"3",5744
"1","0","2","0","3","2","1","0","2",1,4,3,"1",4284
"1","0","2","0","1","2","1","0","2",2,2,2,"3",2625
"1","6","1","0","3","1","1","0","2",2,3,2,"1",4400
"1","0","1","1","1","1","3","1","3",0,5,4,"4",2436
"1","2","1","0","3","1","2","1","3",6,10,7,"1",9714
"1","1","1","1","2","1","1","0","4",2,3,2,"4",3464
"1","0","1","1","1","2","3","0","3",0,1,0,"4",2340
"1","0","2","0","3","2","3","0","1",1,2,2,"3",3894
"1","5","1","1","4","1","2","0","1",7,7,7,"3",13610
"1","0","2","0","4","2","3","0","2",1,5,4,"2",3479
"1","0","1","1","3","2","1","0","2",0,1,0,"3",5381
"1","0","2","0","2","1","3","1","3",2,2,2,"3",2610
"1","1","1","1","3","2","4","0","1",1,1,1,"3",1009
"1","0","1","0","4","2","1","0","3",0,5,4,"1",4200
"1","1","2","0","3","2","1","0","4",3,13,8,"3",4508
"1","3","1","1","3","1","2","1","3",2,2,2,"3",4559
"1","2","1","1","3","2","4","0","4",7,8,4,"4",5828
"1","5","1","0","3","1","1","1","1",6,32,9,"4",19845
"1","3","1","1","3","0","2","3","5",2,2,2,"1",6134
"1","0","1","0","3","2","3","0","4",15,17,14,"1",2743
"1","0","2","1","3","2","1","0","3",0,9,6,"3",6074
"1","0","1","0","3","1","4","1","2",1,10,1,"3",4883
"1","1","2","1","3","2","3","0","3",0,1,0,"4",2285
"1","1","2","0","3","2","3","0","1",0,6,4,"1",3102
"1","0","1","1","3","1","3","3","3",0,1,0,"2",2408
"1","0","1","0","1","2","4","0","4",0,10,8,"1",4213
"1","1","2","1","3","2","1","0","3",9,10,7,"1",3348
"1","0","1","0","1","2","4","0","4",1,5,0,"1",2018
"1","6","1","1","3","0","2","3","3",0,3,2,"3",2800
"1","6","2","0","4","1","2","1","4",0,1,0,"1",2033
"1","2","1","1","2","1","4","0","2",0,1,0,"3",5238
"1","6","1","0","3","2","2","0","3",2,2,2,"2",2760
"1","3","2","1","3","2","2","0","2",1,5,3,"3",6397
"1","2","1","0","1","1","4","1","1",3,11,10,"1",7336
"1","1","1","1","3","2","1","0","3",2,2,2,"2",2313
"1","3","1","0","2","1","2","3","3",1,10,9,"4",7639
"1","6","1","0","3","2","2","0","1",1,1,0,"2",2679
"1","6","2","0","2","1","4","1","3",1,1,0,"1",1790
"1","6","1","1","4","2","4","0","3",0,1,0,"2",2121
"1","1","0","0","1","0","1","1","2",0,1,0,"1",2107
"1","3","1","0","1","1","1","0","4",11,14,7,"3",10609
"1","1","2","1","3","0","3","0","3",2,2,2,"3",2759
"1","0","1","1","3","2","4","0","4",13,31,8,"2",19246
"1","2","2","1","3","2","4","0","4",0,0,0,"3",4728
"1","0","1","1","1","1","4","0","3",2,2,2,"1",2404
"1","3","2","0","3","2","1","0","3",7,8,7,"2",9355
"1","0","1","0","2","0","1","1","3",0,1,0,"3",4834
"1","6","2","0","3","1","1","0","3",0,1,0,"2",2863
"1","6","1","0","3","2","3","0","3",0,1,0,"2",2716
"1","6","1","1","3","0","3","1","3",0,3,2,"4",2275
"1","1","2","1","3","1","1","1","3",1,3,2,"1",2042
"1","0","1","1","2","1","3","0","4",5,10,9,"1",10008
"1","0","1","1","2","1","4","2","4",6,10,7,"3",6179
"1","6","1","1","2","2","4","0","1",0,0,0,"3",1675
"1","0","1","0","2","2","1","0","3",0,1,1,"3",2293
"1","3","1","0","2","1","4","0","4",9,14,8,"4",10400
"1","2","1","0","2","2","1","0","3",1,4,3,"3",5346
"1","3","1","0","3","1","3","3","3",0,8,7,"2",7314
"1","3","1","0","2","2","4","0","3",1,4,2,"1",5326
"1","1","1","1","2","1","4","1","3",0,1,0,"3",3388
"1","0","1","0","1","1","4","1","2",0,1,0,"2",2210
"1","2","2","0","3","1","1","2","4",0,1,0,"1",4286
"1","1","2","1","3","2","2","0","1",6,10,7,"1",3919
"1","0","1","1","3","2","4","0","2",0,0,0,"3",2090
"1","2","0","0","3","2","2","0","2",2,2,2,"1",4969
"1","1","1","1","3","1","2","3","4",4,5,3,"2",4963
"1","0","1","0","3","2","1","0","2",1,4,0,"4",2587
"1","1","0","1","3","2","3","0","2",1,3,2,"1",2321
"1","0","1","0","4","1","1","0","3",1,3,2,"1",2362
"1","6","1","1","2","2","2","0","2",0,4,2,"2",3140
"1","1","1","0","2","2","3","0","3",1,6,5,"3",2058
"1","1","1","1","3","2","1","0","2",3,7,7,"2",2216
"1","3","2","0","1","1","3","0","3",14,23,10,"3",12936
"1","3","1","1","2","1","2","0","4",7,7,7,"3",6172
"1","0","1","0","4","1","1","0","2",1,9,7,"1",2707
"1","0","2","1","2","0","4","1","1",0,1,0,"4",2380
"1","4","0","0","2","2","2","0","2",1,10,9,"1",8722
"1","0","1","0","3","1","3","1","5",1,33,9,"4",10169
"1","6","1","0","3","1","4","1","1",0,1,0,"3",1555
"1","2","1","1","2","2","1","0","4",2,2,2,"1",10448
"1","6","1","0","2","2","2","0","3",0,1,0,"4",1081
"1","3","1","1","3","1","3","1","1",3,16,7,"4",10325
"1","6","1","1","3","1","3","3","2",0,1,0,"2",2413
"1","6","2","0","3","2","3","0","3",0,1,0,"1",1091
"1","6","2","0","3","2","2","0","4",0,1,0,"3",1359
"1","2","1","0","1","0","2","0","4",1,3,2,"1",4233
"1","0","0","0","3","2","3","0","1",0,0,0,"3",1904
"1","1","1","1","2","2","4","0","4",7,10,8,"4",2686
"1","0","1","0","3","2","1","0","3",0,1,0,"1",2973
"1","1","0","1","3","1","4","1","4",3,5,0,"1",2307
"1","0","2","0","3","0","1","2","3",0,1,0,"3",10048
"1","0","1","0","3","2","4","0","4",0,1,0,"2",1393
"1","2","2","1","4","2","4","0","4",6,11,7,"4",4581
"1","1","1","1","3","2","4","0","3",0,0,0,"1",2404
"1","0","1","1","3","0","1","1","3",0,1,0,"1",2074
"1","0","1","1","4","1","2","1","1",0,3,2,"3",4171
"1","0","2","0","2","1","4","1","4",0,7,7,"1",5346
"1","0","1","0","2","2","3","0","3",1,1,0,"1",1416
"1","1","1","0","1","2","1","0","4",0,9,7,"1",2362
"1","1","1","0","3","2","2","0","1",1,4,3,"1",2960
"1","5","1","1","3","1","4","1","3",1,5,4,"1",19859
"1","1","1","0","2","1","3","0","4",7,8,7,"2",4941
"1","5","0","1","2","1","1","1","4",9,10,9,"2",11849
"1","1","1","1","3","2","4","0","3",0,1,0,"1",2600
"1","6","2","1","3","2","2","0","3",0,0,0,"2",1878
"1","6","2","0","2","0","4","1","2",1,2,0,"3",2351
"1","0","1","0","1","2","1","0","4",0,0,0,"3",3485
"1","0","1","1","3","0","1","1","4",0,3,2,"2",2373
"1","1","2","0","1","2","4","0","3",7,7,7,"3",4084
"1","3","0","1","2","2","1","0","3",0,5,4,"4",5304
"1","0","1","0","3","1","2","0","3",15,22,8,"3",19545
"1","6","2","1","2","0","2","1","4",1,7,0,"3",2741
"1","3","1","0","3","2","3","0","2",4,9,7,"4",9619
"1","1","1","0","4","1","3","0","5",1,2,1,"2",2546
"1","6","1","1","3","0","3","0","4",0,3,2,"1",2073
"1","0","2","1","1","1","2","1","3",2,2,2,"4",3722
"1","0","1","0","1","1","4","1","2",9,10,8,"3",2339
"1","6","2","1","3","1","4","2","2",7,9,7,"3",2655
"1","2","2","1","2","2","3","0","3",13,21,14,"1",13758
"1","2","1","1","1","2","2","0","2",0,6,5,"4",5993
"1","6","2","0","2","0","3","1","3",1,4,2,"4",2180
"1","0","1","1","3","0","2","2","3",7,7,7,"3",3339
"1","3","2","0","1","2","1","0","3",0,5,0,"2",5765
"1","3","1","1","3","2","1","0","4",0,5,3,"1",8224
"1","0","2","0","3","2","3","0","5",4,10,7,"2",7446
"1","2","1","1","2","2","1","0","3",0,0,0,"1",8564
"1","1","1","1","2","1","2","1","3",2,2,0,"4",2293
"1","1","1","0","4","2","1","0","3",0,1,0,"2",1261
"1","6","1","1","3","1","1","0","2",0,3,2,"3",2683
"1","0","2","0","3","0","1","2","3",0,1,0,"2",2596
"1","3","1","0","3","2","1","0","2",2,2,0,"3",4577
"1","0","2","0","2","2","3","0","2",0,0,0,"1",2561
"1","6","1","0","3","2","3","0","4",0,5,3,"1",3407
"1","0","1","1","3","1","2","0","2",0,1,1,"3",5916
"1","0","1","1","2","1","3","0","1",0,1,0,"4",2515
"1","0","2","0","3","2","2","0","3",1,3,2,"2",2422
"1","0","2","1","1","0","4","1","3",0,1,0,"3",3161
"1","1","1","1","3","2","3","0","4",0,6,2,"3",2936
"1","6","1","1","3","0","1","3","3",2,2,0,"1",2335
"1","3","1","0","3","2","1","0","2",0,0,0,"2",6735
"1","2","1","1","3","1","3","2","2",1,6,0,"3",6380
"1","1","1","1","3","2","4","0","1",0,1,0,"2",2472
"1","6","2","1","3","2","3","0","1",1,1,0,"4",1118
"1","6","1","0","3","1","1","0","4",2,2,2,"3",2742
"1","1","1","0","2","2","4","0","1",0,1,0,"4",2693
"1","6","1","0","4","2","1","0","2",0,1,0,"4",2564
"1","1","1","1","3","2","4","0","4",7,8,7,"3",2394
"1","6","2","1","4","2","2","0","2",0,0,0,"4",1569
"1","6","2","1","3","2","1","0","1",1,3,2,"2",2174
"1","4","1","0","2","1","4","1","4",15,40,6,"4",10312
"1","6","2","0","4","2","3","0","3",0,1,0,"4",2785
"1","3","2","0","3","0","2","2","4",0,6,1,"3",6728
"1","6","2","1","3","0","2","3","3",0,3,2,"1",9950
"1","2","0","0","3","1","4","0","4",1,4,2,"3",4707
"1","0","1","1","3","1","2","1","2",0,1,0,"1",2319
"1","1","2","1","3","2","1","0","2",0,4,3,"3",2432
"1","2","1","0","3","1","1","3","4",0,1,0,"3",8161
"1","0","1","1","3","2","3","0","3",0,4,3,"3",2028
"1","2","1","1","4","2","1","0","4",10,15,10,"2",4599
"1","0","1","1","1","2","1","0","3",0,4,3,"1",2166
"1","0","1","1","4","1","4","1","1",5,7,6,"4",3691
"1","1","1","1","4","1","1","3","4",2,2,2,"4",4787
"1","0","1","0","3","0","1","3","1",1,4,3,"4",3408
"1","2","1","1","3","2","3","0","3",7,10,7,"4",5813
"1","3","2","0","2","2","3","0","4",0,6,1,"1",6696
"1","3","1","1","3","2","4","0","3",4,8,7,"1",9582
"1","2","1","1","3","2","3","0","3",0,6,3,"3",5744
"1","0","2","0","3","2","1","0","2",1,4,3,"1",4284
"1","0","2","0","1","2","1","0","2",2,2,2,"3",2625
"1","6","1","0","3","1","1","0","2",2,3,2,"1",4400
"1","0","1","1","1","1","3","1","3",0,5,4,"4",2436
"1","2","1","0","3","1","2","1","3",6,10,7,"1",9714
"1","1","1","1","2","1","1","0","4",2,3,2,"4",3464
"1","0","1","1","1","2","3","0","3",0,1,0,"4",2340
"1","0","2","0","3","2","3","0","1",1,2,2,"3",3894
"1","5","1","1","4","1","2","0","1",7,7,7,"3",13610
"1","0","2","0","4","2","3","0","2",1,5,4,"2",3479
"1","0","1","1","3","2","1","0","2",0,1,0,"3",5381
"1","0","2","0","2","1","3","1","3",2,2,2,"3",2610
"1","1","1","1","3","2","4","0","1",1,1,1,"3",1009
"1","0","1","0","4","2","1","0","3",0,5,4,"1",4200
"1","1","2","0","3","2","1","0","4",3,13,8,"3",4508
"1","3","1","1","3","1","2","1","3",2,2,2,"3",4559
"1","2","1","1","3","2","4","0","4",7,8,4,"4",5828
"1","5","1","0","3","1","1","1","1",6,32,9,"4",19845
"1","3","1","1","3","0","2","3","5",2,2,2,"1",6134
"1","0","1","0","3","2","3","0","4",15,17,14,"1",2743
"1","0","2","1","3","2","1","0","3",0,9,6,"3",6074
"1","0","1","0","3","1","4","1","2",1,10,1,"3",4883
"1","1","2","1","3","2","3","0","3",0,1,0,"4",2285
"1","1","2","0","3","2","3","0","1",0,6,4,"1",3102
"1","0","1","1","3","1","3","3","3",0,1,0,"2",2408
"1","0","1","0","1","2","4","0","4",0,10,8,"1",4213
"1","1","2","1","3","2","1","0","3",9,10,7,"1",3348
"1","0","1","0","1","2","4","0","4",1,5,0,"1",2018
"1","6","1","1","3","0","2","3","3",0,3,2,"3",2800
"1","6","2","0","4","1","2","1","4",0,1,0,"1",2033
"1","2","1","1","2","1","4","0","2",0,1,0,"3",5238
"1","6","1","0","3","2","2","0","3",2,2,2,"2",2760
"1","3","2","1","3","2","2","0","2",1,5,3,"3",6397
"1","2","1","0","1","1","4","1","1",3,11,10,"1",7336
"1","1","1","1","3","2","1","0","3",2,2,2,"2",2313
"1","3","1","0","2","1","2","3","3",1,10,9,"4",7639
"1","6","1","0","3","2","2","0","1",1,1,0,"2",2679
"1","6","2","0","2","1","4","1","3",1,1,0,"1",1790
"1","6","1","1","4","2","4","0","3",0,1,0,"2",2121
"1","1","0","0","1","0","1","1","2",0,1,0,"1",2107
"1","3","1","0","1","1","1","0","4",11,14,7,"3",10609
"1","1","2","1","3","0","3","0","3",2,2,2,"3",2759
"1","0","1","1","3","2","4","0","4",13,31,8,"2",19246
"1","2","2","1","3","2","4","0","4",0,0,0,"3",4728
"1","0","1","1","1","1","4","0","3",2,2,2,"1",2404
"1","3","2","0","3","2","1","0","3",7,8,7,"2",9355
"1","0","1","0","2","0","1","1","3",0,1,0,"3",4834
"1","6","2","0","3","1","1","0","3",0,1,0,"2",2863
"1","6","1","0","3","2","3","0","3",0,1,0,"2",2716
"1","6","1","1","3","0","3","1","3",0,3,2,"4",2275
"1","1","2","1","3","1","1","1","3",1,3,2,"1",2042
"1","0","1","1","2","1","3","0","4",5,10,9,"1",10008
"1","0","1","1","2","1","4","2","4",6,10,7,"3",6179
"1","6","1","1","2","2","4","0","1",0,0,0,"3",1675
"1","0","1","0","2","2","1","0","3",0,1,1,"3",2293
"1","3","1","0","2","1","4","0","4",9,14,8,"4",10400
"1","2","1","0","2","2","1","0","3",1,4,3,"3",5346
"1","3","1","0","3","1","3","3","3",0,8,7,"2",7314
"1","3","1","0","2","2","4","0","3",1,4,2,"1",5326
"1","1","1","1","2","1","4","1","3",0,1,0,"3",3388
"1","0","1","0","1","1","4","1","2",0,1,0,"2",2210
"1","2","2","0","3","1","1","2","4",0,1,0,"1",4286
"1","1","2","1","3","2","2","0","1",6,10,7,"1",3919
"1","0","1","1","3","2","4","0","2",0,0,0,"3",2090
"1","2","0","0","3","2","2","0","2",2,2,2,"1",4969
"1","1","1","1","3","1","2","3","4",4,5,3,"2",4963
"1","0","1","0","3","2","1","0","2",1,4,0,"4",2587
"1","1","0","1","3","2","3","0","2",1,3,2,"1",2321
"1","0","1","0","4","1","1","0","3",1,3,2,"1",2362
"1","6","1","1","2","2","2","0","2",0,4,2,"2",3140
"1","1","1","0","2","2","3","0","3",1,6,5,"3",2058
"1","1","1","1","3","2","1","0","2",3,7,7,"2",2216
"1","3","2","0","1","1","3","0","3",14,23,10,"3",12936
"1","3","1","1","2","1","2","0","4",7,7,7,"3",6172
"1","0","1","0","4","1","1","0","2",1,9,7,"1",2707
"1","0","2","1","2","0","4","1","1",0,1,0,"4",2380
"1","4","0","0","2","2","2","0","2",1,10,9,"1",8722
"1","0","1","0","3","1","3","1","5",1,33,9,"4",10169
"1","6","1","0","3","1","4","1","1",0,1,0,"3",1555
"1","2","1","1","2","2","1","0","4",2,2,2,"1",10448
"1","6","1","0","2","2","2","0","3",0,1,0,"4",1081
"1","3","1","1","3","1","3","1","1",3,16,7,"4",10325
"1","6","1","1","3","1","3","3","2",0,1,0,"2",2413
"1","6","2","0","3","2","3","0","3",0,1,0,"1",1091
"1","6","2","0","3","2","2","0","4",0,1,0,"3",1359
"1","2","1","0","1","0","2","0","4",1,3,2,"1",4233
"1","0","0","0","3","2","3","0","1",0,0,0,"3",1904
"1","1","1","1","2","2","4","0","4",7,10,8,"4",2686
"1","0","1","0","3","2","1","0","3",0,1,0,"1",2973
"1","1","0","1","3","1","4","1","4",3,5,0,"1",2307
"1","0","2","0","3","0","1","2","3",0,1,0,"3",10048
"1","0","1","0","3","2","4","0","4",0,1,0,"2",1393
"1","2","2","1","4","2","4","0","4",6,11,7,"4",4581
"1","1","1","1","3","2","4","0","3",0,0,0,"1",2404
"1","0","1","1","3","0","1","1","3",0,1,0,"1",2074
"1","0","1","1","4","1","2","1","1",0,3,2,"3",4171
"1","0","2","0","2","1","4","1","4",0,7,7,"1",5346
"1","0","1","0","2","2","3","0","3",1,1,0,"1",1416
"1","1","1","0","1","2","1","0","4",0,9,7,"1",2362
"1","1","1","0","3","2","2","0","1",1,4,3,"1",2960
"1","5","1","1","3","1","4","1","3",1,5,4,"1",19859
"1","1","1","0","2","1","3","0","4",7,8,7,"2",4941
"1","5","0","1","2","1","1","1","4",9,10,9,"2",11849
"1","1","1","1","3","2","4","0","3",0,1,0,"1",2600
"1","6","2","1","3","2","2","0","3",0,0,0,"2",1878
"1","6","2","0","2","0","4","1","2",1,2,0,"3",2351
"1","0","1","0","1","2","1","0","4",0,0,0,"3",3485
"1","0","1","1","3","0","1","1","4",0,3,2,"2",2373
"1","1","2","0","1","2","4","0","3",7,7,7,"3",4084
"1","3","0","1","2","2","1","0","3",0,5,4,"4",5304
"1","0","1","0","3","1","2","0","3",15,22,8,"3",19545
"1","6","2","1","2","0","2","1","4",1,7,0,"3",2741
"1","3","1","0","3","2","3","0","2",4,9,7,"4",9619
"1","1","1","0","4","1","3","0","5",1,2,1,"2",2546
"1","6","1","1","3","0","3","0","4",0,3,2,"1",2073
"1","0","2","1","1","1","2","1","3",2,2,2,"4",3722
"1","0","1","0","1","1","4","1","2",9,10,8,"3",2339
"1","6","2","1","3","1","4","2","2",7,9,7,"3",2655
"1","2","2","1","2","2","3","0","3",13,21,14,"1",13758
"1","2","1","1","1","2","2","0","2",0,6,5,"4",5993
"1","6","2","0","2","0","3","1","3",1,4,2,"4",2180
"1","0","1","1","3","0","2","2","3",7,7,7,"3",3339
"1","3","2","0","1","2","1","0","3",0,5,0,"2",5765
"1","3","1","1","3","2","1","0","4",0,5,3,"1",8224
"1","0","2","0","3","2","3","0","5",4,10,7,"2",7446
"1","2","1","1","2","2","1","0","3",0,0,0,"1",8564
"1","1","1","1","2","1","2","1","3",2,2,0,"4",2293
"1","1","1","0","4","2","1","0","3",0,1,0,"2",1261
"1","6","1","1","3","1","1","0","2",0,3,2,"3",2683
"1","0","2","0","3","0","1","2","3",0,1,0,"2",2596
"1","3","1","0","3","2","1","0","2",2,2,0,"3",4577
"1","0","2","0","2","2","3","0","2",0,0,0,"1",2561
"1","6","1","0","3","2","3","0","4",0,5,3,"1",3407
"1","0","1","1","3","1","2","0","2",0,1,1,"3",5916
"1","0","1","1","2","1","3","0","1",0,1,0,"4",2515
"1","0","2","0","3","2","2","0","3",1,3,2,"2",2422
"1","0","2","1","1","0","4","1","3",0,1,0,"3",3161
"1","1","1","1","3","2","3","0","4",0,6,2,"3",2936
"1","6","1","1","3","0","1","3","3",2,2,0,"1",2335
"1","3","1","0","3","2","1","0","2",0,0,0,"2",6735
"1","2","1","1","3","1","3","2","2",1,6,0,"3",6380
"1","1","1","1","3","2","4","0","1",0,1,0,"2",2472
"1","6","2","1","3","2","3","0","1",1,1,0,"4",1118
"1","6","1","0","3","1","1","0","4",2,2,2,"3",2742
"1","1","1","0","2","2","4","0","1",0,1,0,"4",2693
"1","6","1","0","4","2","1","0","2",0,1,0,"4",2564
"1","1","1","1","3","2","4","0","4",7,8,7,"3",2394
"1","6","2","1","4","2","2","0","2",0,0,0,"4",1569
"1","6","2","1","3","2","1","0","1",1,3,2,"2",2174
"1","4","1","0","2","1","4","1","4",15,40,6,"4",10312
"1","6","2","0","4","2","3","0","3",0,1,0,"4",2785
"1","3","2","0","3","0","2","2","4",0,6,1,"3",6728
"1","6","2","1","3","0","2","3","3",0,3,2,"1",9950
"1","2","0","0","3","1","4","0","4",1,4,2,"3",4707
"1","0","1","1","3","1","2","1","2",0,1,0,"1",2319
"1","1","2","1","3","2","1","0","2",0,4,3,"3",2432
"1","2","1","0","3","1","1","3","4",0,1,0,"3",8161
"1","0","1","1","3","2","3","0","3",0,4,3,"3",2028
"1","2","1","1","4","2","1","0","4",10,15,10,"2",4599
"1","0","1","1","1","2","1","0","3",0,4,3,"1",2166
"1","0","1","1","4","1","4","1","1",5,7,6,"4",3691
"1","1","1","1","4","1","1","3","4",2,2,2,"4",4787
"1","0","1","0","3","0","1","3","1",1,4,3,"4",3408
"1","2","1","1","3","2","3","0","3",7,10,7,"4",5813
"1","3","2","0","2","2","3","0","4",0,6,1,"1",6696
"1","3","1","1","3","2","4","0","3",4,8,7,"1",9582
"1","2","1","1","3","2","3","0","3",0,6,3,"3",5744
"1","0","2","0","3","2","1","0","2",1,4,3,"1",4284
"1","0","2","0","1","2","1","0","2",2,2,2,"3",2625
"1","6","1","0","3","1","1","0","2",2,3,2,"1",4400
"1","0","1","1","1","1","3","1","3",0,5,4,"4",2436
"1","2","1","0","3","1","2","1","3",6,10,7,"1",9714
"1","1","1","1","2","1","1","0","4",2,3,2,"4",3464
"1","0","1","1","1","2","3","0","3",0,1,0,"4",2340
"1","0","2","0","3","2","3","0","1",1,2,2,"3",3894
"1","5","1","1","4","1","2","0","1",7,7,7,"3",13610
"1","0","2","0","4","2","3","0","2",1,5,4,"2",3479
"1","0","1","1","3","2","1","0","2",0,1,0,"3",5381
"1","0","2","0","2","1","3","1","3",2,2,2,"3",2610
"1","1","1","1","3","2","4","0","1",1,1,1,"3",1009
"1","0","1","0","4","2","1","0","3",0,5,4,"1",4200
"1","1","2","0","3","2","1","0","4",3,13,8,"3",4508
"1","3","1","1","3","1","2","1","3",2,2,2,"3",4559
"1","2","1","1","3","2","4","0","4",7,8,4,"4",5828
"1","5","1","0","3","1","1","1","1",6,32,9,"4",19845
"1","3","1","1","3","0","2","3","5",2,2,2,"1",6134
"1","0","1","0","3","2","3","0","4",15,17,14,"1",2743
"1","0","2","1","3","2","1","0","3",0,9,6,"3",6074
"1","0","1","0","3","1","4","1","2",1,10,1,"3",4883
"1","1","2","1","3","2","3","0","3",0,1,0,"4",2285
"1","1","2","0","3","2","3","0","1",0,6,4,"1",3102
"1","0","1","1","3","1","3","3","3",0,1,0,"2",2408
"1","0","1","0","1","2","4","0","4",0,10,8,"1",4213
"1","1","2","1","3","2","1","0","3",9,10,7,"1",3348
"1","0","1","0","1","2","4","0","4",1,5,0,"1",2018
"1","6","1","1","3","0","2","3","3",0,3,2,"3",2800
"1","6","2","0","4","1","2","1","4",0,1,0,"1",2033
"1","2","1","1","2","1","4","0","2",0,1,0,"3",5238
"1","6","1","0","3","2","2","0","3",2,2,2,"2",2760
"1","3","2","1","3","2","2","0","2",1,5,3,"3",6397
"1","2","1","0","1","1","4","1","1",3,11,10,"1",7336
"1","1","1","1","3","2","1","0","3",2,2,2,"2",2313
"1","3","1","0","2","1","2","3","3",1,10,9,"4",7639
"1","6","1","0","3","2","2","0","1",1,1,0,"2",2679
"1","6","2","0","2","1","4","1","3",1,1,0,"1",1790
"1","6","1","1","4","2","4","0","3",0,1,0,"2",2121
"1","1","0","0","1","0","1","1","2",0,1,0,"1",2107
"1","3","1","0","1","1","1","0","4",11,14,7,"3",10609
"1","1","2","1","3","0","3","0","3",2,2,2,"3",2759
"1","0","1","1","3","2","4","0","4",13,31,8,"2",19246
"1","2","2","1","3","2","4","0","4",0,0,0,"3",4728
"1","0","1","1","1","1","4","0","3",2,2,2,"1",2404
"1","3","2","0","3","2","1","0","3",7,8,7,"2",9355
"1","0","1","0","2","0","1","1","3",0,1,0,"3",4834
"1","6","2","0","3","1","1","0","3",0,1,0,"2",2863
"1","6","1","0","3","2","3","0","3",0,1,0,"2",2716
"1","6","1","1","3","0","3","1","3",0,3,2,"4",2275
"1","1","2","1","3","1","1","1","3",1,3,2,"1",2042
"1","0","1","1","2","1","3","0","4",5,10,9,"1",10008
"1","0","1","1","2","1","4","2","4",6,10,7,"3",6179
"1","6","1","1","2","2","4","0","1",0,0,0,"3",1675
"1","0","1","0","2","2","1","0","3",0,1,1,"3",2293
"1","3","1","0","2","1","4","0","4",9,14,8,"4",10400
"1","2","1","0","2","2","1","0","3",1,4,3,"3",5346
"1","3","1","0","3","1","3","3","3",0,8,7,"2",7314
"1","3","1","0","2","2","4","0","3",1,4,2,"1",5326
"1","1","1","1","2","1","4","1","3",0,1,0,"3",3388
"1","0","1","0","1","1","4","1","2",0,1,0,"2",2210
"1","2","2","0","3","1","1","2","4",0,1,0,"1",4286
"1","1","2","1","3","2","2","0","1",6,10,7,"1",3919
"1","0","1","1","3","2","4","0","2",0,0,0,"3",2090
"1","2","0","0","3","2","2","0","2",2,2,2,"1",4969
"1","1","1","1","3","1","2","3","4",4,5,3,"2",4963
"1","0","1","0","3","2","1","0","2",1,4,0,"4",2587
"1","1","0","1","3","2","3","0","2",1,3,2,"1",2321
"1","0","1","0","4","1","1","0","3",1,3,2,"1",2362
"1","6","1","1","2","2","2","0","2",0,4,2,"2",3140
"1","1","1","0","2","2","3","0","3",1,6,5,"3",2058
"1","1","1","1","3","2","1","0","2",3,7,7,"2",2216
"1","3","2","0","1","1","3","0","3",14,23,10,"3",12936
"1","3","1","1","2","1","2","0","4",7,7,7,"3",6172
"1","0","1","0","4","1","1","0","2",1,9,7,"1",2707
"1","0","2","1","2","0","4","1","1",0,1,0,"4",2380
"1","4","0","0","2","2","2","0","2",1,10,9,"1",8722
"1","0","1","0","3","1","3","1","5",1,33,9,"4",10169
"1","6","1","0","3","1","4","1","1",0,1,0,"3",1555
"1","2","1","1","2","2","1","0","4",2,2,2,"1",10448
"1","6","1","0","2","2","2","0","3",0,1,0,"4",1081
"1","3","1","1","3","1","3","1","1",3,16,7,"4",10325
"1","6","1","1","3","1","3","3","2",0,1,0,"2",2413
"1","6","2","0","3","2","3","0","3",0,1,0,"1",1091
"1","6","2","0","3","2","2","0","4",0,1,0,"3",1359
"1","2","1","0","1","0","2","0","4",1,3,2,"1",4233
"1","0","0","0","3","2","3","0","1",0,0,0,"3",1904
"1","1","1","1","2","2","4","0","4",7,10,8,"4",2686
"1","0","1","0","3","2","1","0","3",0,1,0,"1",2973
"1","1","0","1","3","1","4","1","4",3,5,0,"1",2307
"1","0","2","0","3","0","1","2","3",0,1,0,"3",10048
"1","0","1","0","3","2","4","0","4",0,1,0,"2",1393
"1","2","2","1","4","2","4","0","4",6,11,7,"4",4581
"1","1","1","1","3","2","4","0","3",0,0,0,"1",2404
"1","0","1","1","3","0","1","1","3",0,1,0,"1",2074
"1","0","1","1","4","1","2","1","1",0,3,2,"3",4171
"1","0","2","0","2","1","4","1","4",0,7,7,"1",5346
"1","0","1","0","2","2","3","0","3",1,1,0,"1",1416
"1","1","1","0","1","2","1","0","4",0,9,7,"1",2362
"1","1","1","0","3","2","2","0","1",1,4,3,"1",2960
"1","5","1","1","3","1","4","1","3",1,5,4,"1",19859
"1","1","1","0","2","1","3","0","4",7,8,7,"2",4941
"1","5","0","1","2","1","1","1","4",9,10,9,"2",11849
"1","1","1","1","3","2","4","0","3",0,1,0,"1",2600
"1","6","2","1","3","2","2","0","3",0,0,0,"2",1878
"1","6","2","0","2","0","4","1","2",1,2,0,"3",2351
"1","0","1","0","1","2","1","0","4",0,0,0,"3",3485
"1","0","1","1","3","0","1","1","4",0,3,2,"2",2373
"1","1","2","0","1","2","4","0","3",7,7,7,"3",4084
"1","3","0","1","2","2","1","0","3",0,5,4,"4",5304
"1","0","1","0","3","1","2","0","3",15,22,8,"3",19545
"1","6","2","1","2","0","2","1","4",1,7,0,"3",2741
"1","3","1","0","3","2","3","0","2",4,9,7,"4",9619
"1","1","1","0","4","1","3","0","5",1,2,1,"2",2546
"1","6","1","1","3","0","3","0","4",0,3,2,"1",2073
"1","0","2","1","1","1","2","1","3",2,2,2,"4",3722
"1","0","1","0","1","1","4","1","2",9,10,8,"3",2339
"1","6","2","1","3","1","4","2","2",7,9,7,"3",2655
"1","2","2","1","2","2","3","0","3",13,21,14,"1",13758
"1","2","1","1","1","2","2","0","2",0,6,5,"4",5993
"1","6","2","0","2","0","3","1","3",1,4,2,"4",2180
"1","0","1","1","3","0","2","2","3",7,7,7,"3",3339
"1","3","2","0","1","2","1","0","3",0,5,0,"2",5765
"1","3","1","1","3","2","1","0","4",0,5,3,"1",8224
"1","0","2","0","3","2","3","0","5",4,10,7,"2",7446
"1","2","1","1","2","2","1","0","3",0,0,0,"1",8564
"1","1","1","1","2","1","2","1","3",2,2,0,"4",2293
"1","1","1","0","4","2","1","0","3",0,1,0,"2",1261
"1","6","1","1","3","1","1","0","2",0,3,2,"3",2683
"1","0","2","0","3","0","1","2","3",0,1,0,"2",2596
"1","3","1","0","3","2","1","0","2",2,2,0,"3",4577
"1","0","2","0","2","2","3","0","2",0,0,0,"1",2561
"1","6","1","0","3","2","3","0","4",0,5,3,"1",3407
"1","0","1","1","3","1","2","0","2",0,1,1,"3",5916
"1","0","1","1","2","1","3","0","1",0,1,0,"4",2515
"1","0","2","0","3","2","2","0","3",1,3,2,"2",2422
"1","0","2","1","1","0","4","1","3",0,1,0,"3",3161
"1","1","1","1","3","2","3","0","4",0,6,2,"3",2936
"1","6","1","1","3","0","1","3","3",2,2,0,"1",2335
"1","3","1","0","3","2","1","0","2",0,0,0,"2",6735
"1","2","1","1","3","1","3","2","2",1,6,0,"3",6380
"1","1","1","1","3","2","4","0","1",0,1,0,"2",2472
"1","6","2","1","3","2","3","0","1",1,1,0,"4",1118
"1","6","1","0","3","1","1","0","4",2,2,2,"3",2742
"1","1","1","0","2","2","4","0","1",0,1,0,"4",2693
"1","6","1","0","4","2","1","0","2",0,1,0,"4",2564
"1","1","1","1","3","2","4","0","4",7,8,7,"3",2394
"1","6","2","1","4","2","2","0","2",0,0,0,"4",1569
"1","6","2","1","3","2","1","0","1",1,3,2,"2",2174
"1","4","1","0","2","1","4","1","4",15,40,6,"4",10312
"1","6","2","0","4","2","3","0","3",0,1,0,"4",2785
"1","3","2","0","3","0","2","2","4",0,6,1,"3",6728
"1","6","2","1","3","0","2","3","3",0,3,2,"1",9950
"1","2","0","0","3","1","4","0","4",1,4,2,"3",4707
